Date,ADR_Close,USD_TWD,TWS_Close,ADR_TWD,Premium
2021-07-01,110.0196304321289,27.81800079345703,593.0,612.1052333313622,3.2217931418823342
2021-07-02,110.47486114501953,27.878999710083008,588.0,615.985724366692,4.7594769331108955
2021-07-06,111.53401184082031,27.968799591064453,592.0,623.8944849526627,5.387581917679496
2021-07-07,109.8616943359375,27.896900177001953,594.0,612.9601440331899,3.1919434399309443
2021-07-08,109.50862884521484,27.88159942626953,588.0,610.655144636461,3.8529157545001746
2021-07-09,112.00782012939453,27.959999084472656,584.0,626.3477096543298,7.251320146289353
2021-07-12,113.93096160888672,27.951000213623047,593.0,636.8968664536544,7.402506990498203
2021-07-13,115.11089324951172,27.959199905395508,607.0,643.6816951303481,6.043112871556522
2021-07-14,115.56613159179688,28.01919937133789,613.0,647.6140963289654,5.646671505540857
2021-07-15,109.19276428222656,27.96660041809082,614.0,610.7500814455619,-0.529302696162548
2021-07-16,107.52973175048828,27.87969970703125,589.0,599.5793261562474,1.7961504509757864
2021-07-19,107.16738891601562,27.972000122070312,582.0,599.5372431681492,3.0132720220187537
2021-07-20,108.14292907714844,28.077299118041992,581.0,607.2722734400595,4.521905927721082
2021-07-21,109.50862884521484,27.999099731445312,585.0,613.2286040981999,4.825402409948687
2021-07-22,108.29155731201172,27.961599349975586,591.0,605.6010277086782,2.4705630640741383
2021-07-23,108.50524139404297,27.99570083618164,585.0,607.5360554450599,3.8523171700957093
2021-07-26,107.44612884521484,28.018299102783203,580.0,602.0915550842823,3.8088888076348804
2021-07-27,105.48577880859375,28.047199249267578,580.0,591.7161312417593,2.0200226278895395
2021-07-28,106.90725708007812,28.02389907836914,579.0,599.1916366314748,3.4873292973186087
2021-07-29,107.91065979003906,27.89900016784668,583.0,602.1199031189492,3.279571718516161
2021-07-30,108.36589813232422,27.844999313354492,580.0,603.4896718171221,4.049943416745205
2021-08-02,108.57027435302734,27.924100875854492,590.0,606.3454586306267,2.7704167170553795
2021-08-03,110.01033782958984,27.920900344848633,594.0,614.3175358886219,3.4204605873100924
2021-08-04,110.31692504882812,27.850299835205078,596.0,614.4718879015418,3.0993100505942506
2021-08-05,110.76287078857422,27.71470069885254,596.0,613.9519624902023,3.0120742433225267
2021-08-06,109.82451629638672,27.72640037536621,591.0,609.0077019729099,3.0469884894940513
2021-08-09,109.83379364013672,27.82229995727539,595.0,611.165750420274,2.7169328437435247
2021-08-10,108.10575866699219,27.785600662231445,591.0,600.7566879217222,1.6508778209343822
2021-08-11,107.76201629638672,27.826200485229492,590.0,599.7214940311649,1.6477108527398032
2021-08-12,107.49258422851562,27.791500091552734,586.0,597.4760328856064,1.9583673866222506
2021-08-13,107.30675506591797,27.796499252319336,581.0,596.5504273917206,2.6764935269742995
2021-08-16,106.49846649169922,27.808000564575195,584.0,592.3018832655129,1.4215553536837122
2021-08-17,103.2281723022461,27.78969955444336,580.0,573.7359787667461,-1.0800036609058372
2021-08-18,102.614990234375,27.89940071105957,574.0,572.5793463020585,-0.24750064424067242
2021-08-19,102.68003845214844,27.842199325561523,559.0,571.7676194682077,2.2840106383198
2021-08-20,100.45028686523438,28.01799964904785,552.0,562.8832204273785,1.9715979035106024
2021-08-23,103.08880615234375,27.97100067138672,566.0,576.6994132199325,1.890355692567569
2021-08-24,104.15721893310547,27.901199340820312,572.0,581.2222656476079,1.6122842041272456
2021-08-25,108.72823333740234,27.89310073852539,585.0,606.5535131204117,3.6843612171644002
2021-08-26,109.72232055664062,27.884899139404297,594.0,611.9191684126621,3.0166950189666863
2021-08-27,110.08465576171875,27.91659927368164,599.0,614.6378442162182,2.6106584668144084
2021-08-30,110.5491714477539,27.87299919128418,605.0,616.2673932720761,1.8623790532357187
2021-08-31,110.5677719116211,27.72920036315918,614.0,613.191180209085,-0.1317296076408736
2021-09-01,111.91490936279297,27.568700790405273,613.0,617.069730041633,0.6639037588308305
2021-09-02,112.22149658203125,27.671600341796875,607.0,621.0696806352586,2.3179045527608855
2021-09-03,115.17591094970703,27.62660026550293,620.0,636.3837704045436,2.6425436136360725
2021-09-07,115.8541488647461,27.533100128173828,623.0,637.9647761914821,2.4020507530468915
2021-09-08,113.24346923828125,27.59119987487793,619.0,624.9046388556017,0.9538996535705335
2021-09-09,113.97743225097656,27.670700073242188,619.0,630.7670685870107,1.9009803856236962
2021-09-10,114.2468490600586,27.629600524902344,622.0,631.3189601516467,1.4982251047663597
2021-09-13,114.85074615478516,27.65049934387207,615.0,635.1360962392209,3.2741619901172303
2021-09-14,114.35834503173828,27.639400482177734,613.0,632.1592193622549,3.125484398410272
2021-09-15,112.88113403320312,27.63559913635254,607.0,623.9075540396967,2.7854290015974836
2021-09-16,112.68244171142578,27.612699508666992,600.0,622.2932805760968,3.7155467626827976
2021-09-17,109.84646606445312,27.69300079345703,600.0,608.3956543762703,1.3992757293783686
2021-09-22,108.0926742553711,27.718599319458008,586.0,599.235505410665,2.258618670761958
2021-09-23,108.39120483398438,27.703899383544922,588.0,600.5718065563822,2.1380623395207854
2021-09-24,107.87810516357422,27.684999465942383,598.0,597.3210567680857,-0.1135356575107549
2021-09-27,108.3538818359375,27.726999282836914,602.0,600.865600791527,-0.18843840672310153
2021-09-28,104.38912200927734,27.654199600219727,594.0,577.3595232272492,-2.801427066119666
2021-09-29,104.12793731689453,27.738100051879883,580.0,577.6622286983795,-0.40306401752077115
2021-09-30,104.1559066772461,27.812400817871094,580.0,579.3651648112689,-0.10945434288467393
2021-10-01,104.07196044921875,27.836599349975586,574.0,579.4018933182815,0.9410963969131547
2021-10-04,101.70244598388672,27.753999710083008,572.0,564.5299312703049,-1.305956071625014
2021-10-05,101.92633819580078,27.882299423217773,572.0,568.3881361374952,-0.6314447312071425
2021-10-06,102.00096893310547,27.871000289916992,571.0,568.5738069412794,-0.42490246212270044
2021-10-07,103.3909683227539,27.951000213623047,580.0,577.9761955351976,-0.3489318042762757
2021-10-08,102.65399932861328,27.9685001373291,575.0,574.2156788639404,-0.13640367583644952
2021-10-12,101.87035369873047,28.042999267578125,575.0,571.3500508322846,-0.6347737682983245
2021-10-13,102.5980224609375,28.128700256347656,571.0,577.189804139547,1.0840287459802145
2021-10-14,105.00483703613281,27.999500274658203,573.0,588.0165926867281,2.6206968039665046
2021-10-15,107.15045928955078,27.98889923095703,600.0,599.8046815212001,-0.03255307979997957
2021-10-18,107.59825134277344,28.0,590.0,602.5502075195312,2.127153816869698
2021-10-19,109.10950469970703,27.949199676513672,600.0,609.9046666915237,1.6507777819206204
2021-10-20,107.83145904541016,27.8262996673584,598.0,600.1100985932135,0.3528592965239996
2021-10-21,108.48448181152344,27.805999755859375,596.0,603.3038949531503,1.22548573039436
2021-10-22,106.5627670288086,27.818500518798828,600.0,592.8832779751101,-1.1861203374816442
2021-10-25,106.0123519897461,27.836999893188477,593.0,590.2131662030442,-0.46995510909877414
2021-10-26,106.51610565185547,27.80620002746582,599.0,592.3616279804352,-1.1082424072729302
2021-10-27,106.11495971679688,27.796300888061523,599.0,589.9206698025228,-1.515747946156465
2021-10-28,108.22327423095703,27.762500762939453,595.0,600.9097466809501,0.9932347362941352
2021-10-29,106.06831359863281,27.72330093383789,590.0,588.1127554879174,-0.31987195120043443
2021-11-01,106.46013641357422,27.816699981689453,590.0,592.2739349252254,0.38541269919074583
2021-11-02,106.4508056640625,27.80109977722168,592.0,591.8898939264473,-0.01859899891093475
2021-11-03,106.35751342773438,27.85849952697754,592.0,592.592147503409,0.10002491611638131
2021-11-04,109.88379669189453,27.789499282836914,587.0,610.72313787296,4.0414204212879
2021-11-05,109.89313507080078,27.874099731445312,600.0,612.6344413529383,2.1057402254897273
2021-11-08,112.79436492919922,27.83009910583496,602.0,627.8156709118659,4.288317427220245
2021-11-09,113.60598754882812,27.80120086669922,611.0,631.6765759009402,3.3840549756039673
2021-11-10,110.26626586914062,27.731300354003906,612.0,611.5653875463177,-0.07101510681084555
2021-11-11,110.2569580078125,27.759000778198242,606.0,612.1245966281276,1.0106595095920268
2021-11-12,110.72339630126953,27.801700592041016,604.0,615.6597425003595,1.9304209437681186
2021-11-15,110.19166564941406,27.781299591064453,608.0,612.2535351689555,0.6995946001571607
2021-11-16,110.15435028076172,27.752500534057617,610.0,611.4117329991219,0.23143163920031906
2021-11-17,111.06855010986328,27.80069923400879,610.0,617.5566711923486,1.2387985561227222
2021-11-18,115.10791778564453,27.740699768066406,613.0,638.6348376437672,4.1818658472703385
2021-11-19,115.91952514648438,27.806400299072266,618.0,644.6609437403037,4.314068566392182
2021-11-22,116.37663269042969,27.792999267578125,615.0,646.8911334256642,5.185550150514495
2021-11-23,113.21417236328125,27.769500732421875,612.0,628.780208472535,2.741864129499194
2021-11-24,112.60779571533203,27.751399993896484,603.0,625.0047962654323,3.6492199445161466
2021-11-26,109.23078918457031,27.764699935913086,596.0,606.552017094515,1.7704726668649418
2021-11-29,111.27378845214844,27.853900909423828,593.0,619.8818154724664,4.533189792996017
2021-11-30,109.28678131103516,27.7455997467041,596.0,606.4454583723127,1.7525936866296554
2021-12-01,112.53316497802734,27.578699111938477,600.0,620.7036594086297,3.450609901438284
2021-12-02,113.53134155273438,27.60449981689453,615.0,626.7951794208493,1.9179153529836235
2021-12-03,111.32042694091797,27.678699493408203,608.0,616.2409289551142,1.3554159465648308
2021-12-06,111.1431884765625,27.65719985961914,600.0,614.7818753463216,2.463645891053612
2021-12-07,114.1097412109375,27.65920066833496,607.0,631.2368460730183,3.992890621584566
2021-12-08,113.62464904785156,27.742599487304688,602.0,630.4486260840204,4.725685396016677
2021-12-09,111.47900390625,27.630699157714844,608.0,616.0485638670623,1.3237769518194442
2021-12-10,111.13385772705078,27.68560028076172,605.0,615.361512538034,1.7126467005014856
2021-12-13,108.60575103759766,27.63599967956543,601.0,600.2857001748023,-0.11885188439230143
2021-12-14,108.48448181152344,27.745899200439453,599.0,601.9998994308874,0.5008179350396214
2021-12-15,112.31858825683594,27.78420066833496,600.0,624.1364389824041,4.02273983040069
2021-12-16,109.19551849365234,27.739700317382812,605.0,605.8101918030297,0.1339160005007889
2021-12-17,108.9613265991211,27.757699966430664,607.0,604.9031623365329,-0.3454427781659164
2021-12-20,107.66864776611328,27.827199935913086,598.0,599.2233976434072,0.20458154572027265
2021-12-21,110.01048278808594,27.815399169921875,597.0,611.9970983252861,2.512076771404703
2021-12-22,113.62628936767578,27.730199813842773,600.0,630.1759416542336,5.029323609038938
2021-12-23,113.04552459716797,27.711000442504883,606.0,626.5209164270636,3.386289839449441
2021-12-27,114.93772888183594,27.67930030822754,606.0,636.279182893195,4.996564833860551
2021-12-28,114.33820343017578,27.683700561523438,615.0,633.0609173007076,2.936734520440254
2021-12-29,113.72932434082031,27.53499984741211,616.0,626.3073856741539,1.6732768951548627
2021-12-30,112.80196380615234,27.617399215698242,615.0,623.0593733498506,1.310467211357813
2022-01-03,120.65182495117188,27.70210075378418,631.0,668.461802185059,5.9368941656194885
2022-01-04,124.9608383178711,27.62470054626465,656.0,690.4011477082764,5.244077394554325
2022-01-05,119.02190399169922,27.515499114990234,650.0,654.9894187896105,0.7676028907092958
2022-01-06,120.34270477294922,27.596399307250977,644.0,664.2050669257849,3.1374327524510637
2022-01-07,115.68712615966797,27.6200008392334,634.0,639.0557043237059,0.7974297040545641
2022-01-10,117.10159301757812,27.658000946044922,643.0,647.7591940927086,0.7401546022875127
2022-01-11,120.99842071533203,27.598899841308594,651.0,667.8846588557935,2.593649593823888
2022-01-12,123.86483001708984,27.62700080871582,660.0,684.4027518107177,3.697386637987532
2022-01-13,130.3845672607422,27.598600387573242,661.0,719.6863137071778,8.87841357143384
2022-01-14,131.76156616210938,27.56599998474121,672.0,726.4278661628371,8.099384845660285
2022-01-18,125.36360931396484,27.4237003326416,662.0,687.5868108889059,3.865077173550735
2022-01-19,122.72201538085938,27.516199111938477,654.0,675.3686821276206,3.267382588321177
2022-01-20,120.21155548095703,27.54759979248047,651.0,662.3079641641932,1.7370144645458163
2022-01-21,116.65196228027344,27.615699768066406,641.0,644.2851135375677,0.5124982117890253
2022-01-24,117.9914779663086,27.691200256347656,653.0,653.4651289814967,0.07122955306229084
2022-01-25,114.73165893554688,27.66390037536621,641.0,634.7850365386927,-0.969573082887254
2022-01-26,115.29368591308594,27.697999954223633,636.0,638.6809014285857,0.42152538185309396
2022-02-07,114.57240295410156,27.799999237060547,635.0,637.0225429424434,0.3185106995973852
2022-02-08,115.88382720947266,27.826000213623047,628.0,644.9166801372485,2.6937388753580427
2022-02-09,117.5793228149414,27.805200576782227,633.0,653.8633309103345,3.295944851553645
2022-02-10,116.82056427001953,27.78070068359375,649.0,649.0714259347878,0.0110055369472839
2022-02-11,113.35464477539062,27.826400756835938,650.0,630.8503546337597,-2.9460992871138902
2022-02-14,112.19308471679688,27.9060001373291,637.0,626.1720475028618,-1.6998355568505819
2022-02-15,116.64258575439453,27.861799240112305,633.0,649.9744614273047,2.681589482986535
2022-02-16,115.78079223632812,27.82069969177246,646.0,644.220530176477,-0.2754597250035573
2022-02-17,112.1837158203125,27.810800552368164,645.0,623.983789180452,-3.25832725884464
2022-02-18,111.76219940185547,27.836700439453125,637.0,622.2181730407756,-2.3205379841796603
2022-02-22,109.51402282714844,27.812400817871094,627.0,609.1695796092274,-2.8437672074597464
2022-02-23,108.56792449951172,27.837400436401367,625.0,604.4497577683796,-3.288038757059253
2022-02-24,104.8022232055664,27.872699737548828,604.0,584.2241798472648,-3.2741424093932325
2022-02-25,104.19335174560547,28.06719970703125,604.0,584.8831223177724,-3.165045973878744
2022-03-01,101.21452331542969,27.97559928894043,604.0,566.3073892987159,-6.240498460477506
2022-03-02,102.67581939697266,28.04680061340332,601.0,575.9456468889402,-4.168777555916769
2022-03-03,101.90769958496094,27.970500946044922,602.0,570.0818815300823,-5.302013034870045
2022-03-04,98.41368103027344,28.050500869750977,595.0,552.1106090670161,-7.20830099714016
2022-03-07,93.00870513916016,28.125999450683594,576.0,523.1925579305622,-9.167958692610734
2022-03-08,93.67378234863281,28.27589988708496,563.0,529.7420983469055,-5.907264947263668
2022-03-09,98.31061553955078,28.30340003967285,568.0,556.5049359524768,-2.0237788816061975
2022-03-10,97.38326263427734,28.26799964904785,587.0,550.5660067937773,-6.206813152678481
2022-03-11,94.99458312988281,28.30069923400879,575.0,537.6826252037717,-6.4899782254310034
2022-03-14,93.01806640625,28.410999298095703,572.0,528.5472438756376,-7.596635686077347
2022-03-15,95.63155364990234,28.51099967956543,558.0,545.310239093742,-2.27415070004624
2022-03-16,99.48128509521484,28.51889991760254,558.0,567.4193626609834,1.6880578245489941
2022-03-17,100.23429870605469,28.378999710083008,582.0,568.9098267838999,-2.249170655687305
2022-03-18,100.45081329345703,28.17799949645996,581.0,566.1005932804052,-2.5644417761781058
2022-03-21,100.63903045654297,28.356000900268555,586.0,570.7440876455773,-2.603398012700109
2022-03-22,100.75200653076172,28.40999984741211,583.0,572.4728980330808,-1.8056778673960827
2022-03-23,99.16126251220703,28.46739959716797,590.0,564.5726568989339,-4.30971916967221
2022-03-24,101.5802993774414,28.55970001220703,591.0,580.2205754739814,-1.8239296998339483
2022-03-25,100.460205078125,28.651500701904297,598.0,575.6671272618696,-3.7345941033662844
2022-03-28,100.08369445800781,28.66900062561035,584.0,573.8598998060043,-1.7363185263691405
2022-03-29,102.8321762084961,28.783700942993164,589.0,591.9781214605057,0.5056233379466368
2022-03-30,100.460205078125,28.628299713134766,600.0,575.2009720439091,-4.133171326015139
2022-03-31,98.13529968261719,28.52560043334961,597.0,559.8736694306717,-6.2188158407585075
2022-04-01,96.75164794921875,28.615699768066406,589.0,553.7232219561004,-5.989266221375155
2022-04-06,95.2362289428711,28.653200149536133,578.0,545.7645458774263,-5.577068187296497
2022-04-07,94.61499786376953,28.725400924682617,566.0,543.5707494249539,-3.9627651192660984
2022-04-08,93.45724487304688,28.7987003326416,567.0,538.2894378026365,-5.063591216466223
2022-04-11,91.83829498291016,28.891000747680664,558.0,530.6600498033949,-4.899632651721342
2022-04-12,91.71593475341797,29.0310001373291,557.0,532.5210628843488,-4.3947822469750815
2022-04-13,95.53742980957031,29.038000106811523,573.0,554.8431794029602,-3.1687295980872165
2022-04-14,92.58189392089844,28.86669921875,573.0,534.5067369833589,-6.717846948802986
2022-04-18,92.9677963256836,29.111000061035156,561.0,541.2771049022558,-3.5156675753554745
2022-04-19,93.60787200927734,29.214000701904297,565.0,546.9320877165592,-3.1978605811399663
2022-04-20,93.19371795654297,29.253700256347656,570.0,545.2522181750625,-4.341716109638161
2022-04-21,91.92302703857422,29.16349983215332,565.0,536.1594367220969,-5.104524473965155
2022-04-22,90.059326171875,29.288999557495117,558.0,527.5495128792711,-5.457076544933493
2022-04-25,90.58641052246094,29.31100082397461,547.0,531.0356706929509,-2.9185245533910553
2022-04-26,87.32027435302734,29.193700790405273,546.0,509.8403924796759,-6.6226387399860975
2022-04-27,84.95771789550781,29.30069923400879,526.0,497.8641079328081,-5.34902891011253
2022-04-28,89.62635803222656,29.37470054626465,531.0,526.5494856497913,-0.8381382957078465
2022-04-29,87.47085571289062,29.452699661254883,538.0,515.2505684849457,-4.2285188689692
2022-05-03,88.1297378540039,29.484600067138672,531.0,519.6940149294154,-2.129187395590315
2022-05-04,90.35111236572266,29.422100067138672,534.0,531.6638938403164,-0.4374730636111601
2022-05-05,86.7366943359375,29.239999771118164,542.0,507.2361845060717,-6.4139880985107585
2022-05-06,86.24722290039062,29.606700897216797,528.0,510.69914632549046,-3.276676832293468
2022-05-09,82.17160034179688,29.649999618530273,520.0,487.2775837576599,-6.292772354296172
2022-05-10,83.60231018066406,29.750999450683594,518.0,497.4504568521632,-3.967093271783162
2022-05-11,82.67046356201172,29.641700744628906,521.0,490.09862826497994,-5.931165400195793
2022-05-12,82.53870391845703,29.68899917602539,505.0,490.0983025250549,-2.950831183157443
2022-05-13,85.6166000366211,29.821500778198242,511.0,510.6431009237567,-0.06984326345269576
2022-05-16,85.09891510009766,29.781999588012695,520.0,506.88317089028715,-2.522467136483242
2022-05-17,87.83795166015625,29.71190071105957,530.0,521.9664996778826,-1.515754777758005
2022-05-18,85.21184539794922,29.60580062866211,538.0,504.55298121041267,-6.216917990629611
2022-05-19,84.91064453125,29.74020004272461,522.0,505.0519108232111,-3.2467603786952015
2022-05-20,85.44717407226562,29.600500106811523,530.0,505.8558170505683,-4.555506216873906
2022-05-23,86.12487030029297,29.71299934387207,528.0,511.8056429447344,-3.0671130786487866
2022-05-24,83.5081787109375,29.489999771118164,520.0,492.5312342144083,-5.2824549587676355
2022-05-25,85.09891510009766,29.531700134277344,524.0,502.62312849768205,-4.079555630213349
2022-05-26,85.65425872802734,29.40999984741211,514.0,503.8183472242963,-1.9808662987750414
2022-05-27,88.26152801513672,29.312999725341797,530.0,517.44202929319,-2.3694284352471673
2022-05-31,89.70164489746094,28.83099937438965,560.0,517.2376135840838,-7.636140431413619
2022-06-01,89.18395233154297,28.991500854492188,549.0,517.1153260453837,-5.80777303362775
2022-06-02,90.68053436279297,29.128299713134766,540.0,528.2739566133299,-2.171489516050018
2022-06-06,87.64029693603516,29.361000061035156,540.0,514.6413527376135,-4.696045789330839
2022-06-07,88.3274154663086,29.38129997253418,535.0,519.0348579228536,-2.9841387060086766
2022-06-08,87.9791488647461,29.405000686645508,544.0,517.4053865556692,-4.888715706678449
2022-06-09,85.5130615234375,29.438800811767578,541.0,503.48039699858055,-6.935231608395465
2022-06-10,83.47053527832031,29.5856990814209,530.0,493.9068277819024,-6.810032493980678
2022-06-13,80.52440643310547,29.642000198364258,516.0,477.3808942926553,-7.48432281150091
2022-06-14,82.06806945800781,29.68869972229004,513.0,487.29885418536725,-5.009969944372861
2022-06-15,83.89409637451172,29.577699661254883,509.0,496.27887718353594,-2.4992382743544317
2022-06-16,79.97392272949219,29.405000686645508,508.0,470.32665055489053,-7.416013670297139
2022-06-17,80.42813110351562,29.695999145507812,501.0,477.67874250495805,-4.654941615776831
2022-06-21,82.27323913574219,29.702999114990234,505.0,488.75238984726604,-3.217348545095833
2022-06-22,80.34295654296875,29.724000930786133,494.5,477.6228230130626,-3.4129781571157536
2022-06-23,79.595458984375,29.67169952392578,485.5,472.34650849066674,-2.7092670462066426
2022-06-24,81.29863739013672,29.613100051879883,486.5,481.5009366231243,-1.027556706449273
2022-06-27,81.24186706542969,29.694000244140625,498.5,482.47920409506185,-3.2138005827358374
2022-06-28,79.80361938476562,29.43000030517578,497.5,469.72410856955685,-5.5830937548629445
2022-06-29,79.1507339477539,29.67099952697754,491.0,469.69627790474624,-4.3388436039213385
2022-06-30,77.3529281616211,29.665000915527344,476.0,458.9349369466421,-3.585097280117211
2022-07-01,72.8584213256836,29.65570068359375,453.5,432.13350702272726,-4.711464824095424
2022-07-05,72.01628112792969,29.690000534057617,446.0,427.6326850298152,-4.11823205609525
2022-07-06,71.4958724975586,29.78070068359375,435.5,425.839435792435,-2.2182696228622345
2022-07-07,76.31209564208984,29.788000106811523,457.5,454.6369426275167,-0.6258048901602864
2022-07-08,77.12584686279297,29.75200080871582,467.0,458.9296516469418,-1.7281259856655629
2022-07-11,74.85493469238281,29.75200080871582,462.0,445.41681550082865,-3.589433874279513
2022-07-12,74.845458984375,29.86319923400879,449.5,447.02497068224477,-0.5506183131824716
2022-07-13,76.91767120361328,29.864999771118164,470.5,459.4292465781706,-2.352976285192221
2022-07-14,79.16966247558594,29.766000747680664,475.0,471.31284648838334,-0.7762428445508784
2022-07-15,81.02422332763672,29.918699264526367,492.5,484.82787417627696,-1.5577920454259986
2022-07-18,79.08451080322266,29.910999298095703,495.5,473.099349425087,-4.520817472232697
2022-07-19,81.51626586914062,29.81999969482422,491.0,486.16300466819666,-0.9851314321391746
2022-07-20,81.90420532226562,29.785999298095703,495.0,487.91972044801804,-1.4303595054508955
2022-07-21,83.06806182861328,29.880699157714844,501.0,496.4263530230499,-0.9129035882135983
2022-07-22,81.67715454101562,29.880300521850586,503.0,488.10758469103604,-2.960718749297009
2022-07-25,81.65821838378906,29.801000595092773,499.5,486.6993229299027,-2.5626981121316006
2022-07-26,79.87933349609375,29.827999114990234,495.0,476.52813776549885,-3.731689340303257
2022-07-27,82.91665649414062,29.920299530029297,502.0,496.1782396666473,-1.1597132138152833
2022-07-28,83.84394073486328,29.85930061340332,501.0,500.704286202931,-0.059024709993815705
2022-07-29,83.720947265625,29.915000915527344,509.0,500.90244281999765,-1.5908756738707952
2022-08-01,81.66767883300781,30.00200080871582,504.0,490.03875327876887,-2.7700886351649023
2022-08-02,81.42164611816406,30.167999267578125,492.0,491.26563209155574,-0.14926177000899044
2022-08-03,81.85691833496094,29.966299057006836,501.0,490.5897789420851,-2.0778884347135484
2022-08-04,83.6641616821289,29.941999435424805,500.0,501.01445637031867,0.2028912740637434
2022-08-05,84.9415512084961,29.95170021057129,516.0,508.8287754435529,-1.3897722008618385
2022-08-08,83.20999908447266,29.94499969482422,512.0,498.34467943817145,-2.667054797232138
2022-08-09,80.62682342529297,30.000699996948242,510.0,483.77222825782667,-5.1427003416026125
2022-08-10,83.9007339477539,30.027999877929688,500.0,503.8742457482731,0.7748491496546217
2022-08-11,84.70499420166016,29.910400390625,514.0,506.71205833144484,-1.4178874841547007
2022-08-12,85.97294616699219,29.94930076599121,517.0,514.965924498724,-0.39343820140734787
2022-08-15,86.64473724365234,29.94300079345703,523.0,518.8806872071116,-0.7876315091564834
2022-08-16,85.11186981201172,29.98270034790039,525.0,510.3767377246113,-2.785383290550225
2022-08-17,84.40221405029297,29.94379997253418,527.0,505.4646029521973,-4.086413102049846
2022-08-18,84.46844482421875,29.935699462890625,520.0,505.72439567111434,-2.7453085247857056
2022-08-19,82.5097885131836,29.97369956970215,519.0,494.6247224907653,-4.696585261894937
2022-08-22,80.65522003173828,30.101999282836914,510.0,485.5766751104878,-4.788887233237682
2022-08-23,81.40272521972656,30.13170051574707,504.0,490.56050749729036,-2.666565972759849
2022-08-24,80.95800018310547,30.170000076293945,503.0,488.50057434017947,-2.882589594397722
2022-08-25,82.85989379882812,30.204999923706055,508.0,500.5566171743791,-1.4652328396891567
2022-08-26,80.18211364746094,30.187999725341797,512.0,484.1075249533751,-5.447749032543925
2022-08-29,78.39375305175781,30.2810001373291,498.5,474.7682493852044,-4.760632019016164
2022-08-30,78.33698272705078,30.368000030517578,496.0,475.7874987691466,-4.075101054607533
2022-08-31,78.86688995361328,30.43670082092285,505.0,480.0895868389547,-4.932755081395113
2022-09-01,77.24884796142578,30.332700729370117,490.5,468.6332373805082,-4.458055579916776
2022-09-02,76.54863739013672,30.548200607299805,485.0,467.6846262418694,-3.5701801563155833
2022-09-06,75.7254409790039,30.68600082397461,489.0,464.7421888555109,-4.960697575560147
2022-09-07,75.64974975585938,30.7987003326416,472.5,465.982794594008,-1.379302731426879
2022-09-08,75.92414093017578,30.84779930114746,475.0,468.41853230521957,-1.3855721462695647
2022-09-12,77.73140716552734,30.850000381469727,486.5,479.60278814173944,-1.4177208341748293
2022-09-13,74.57106018066406,30.882999420166016,493.0,460.5956016641227,-6.572900270969029
2022-09-14,75.3753433227539,31.11870002746582,480.0,469.1165396656055,-2.2673875696655243
2022-09-15,74.2030029296875,31.069000244140625,476.5,461.0826232276857,-3.2355460172747708
2022-09-16,74.11737060546875,31.222000122070312,472.0,462.8185108182952,-1.9452307588357698
2022-09-19,74.44091033935547,31.26099967956543,467.0,465.41945485303006,-0.338446498280498
2022-09-20,74.36478424072266,31.32200050354004,476.5,465.8507618867123,-2.2348873270278458
2022-09-21,73.40369415283203,31.339000701904297,471.0,460.0796845155943,-2.3185383194067266
2022-09-22,71.96683502197266,31.450000762939453,464.5,452.67140326947555,-2.5465224392948183
2022-09-23,70.29209899902344,31.538299560546875,455.0,443.37865499416364,-2.5541417595244753
2022-09-26,69.47374725341797,31.791000366210938,446.5,441.72798487509135,-1.0687603863177242
2022-09-27,69.49275970458984,31.822999954223633,448.0,442.2936177796073,-1.2737460313376525
2022-09-28,68.63636016845703,31.674999237060547,438.0,434.8113311940979,-0.7280065766899879
2022-09-29,65.92440032958984,31.67099952697754,435.0,417.5783303309436,-4.004981533116425
2022-09-30,65.2392807006836,31.63050079345703,422.0,412.71022399350767,-2.201368721917618
2022-10-03,65.89584350585938,31.80299949645996,417.0,419.13709556713,0.5124929417577917
2022-10-04,69.28343200683594,31.783700942993164,429.0,440.41677664189484,2.6612532964789937
2022-10-05,70.8725357055664,31.628000259399414,445.0,448.3113155359897,0.7441158507841994
2022-10-06,70.74882507324219,31.523500442504883,451.0,446.05012370061013,-1.0975335475365555
2022-10-07,66.37162780761719,31.538999557495117,438.0,418.65894801093384,-4.415765294307339
2022-10-11,60.37678146362305,31.792800903320312,401.5,383.90939845124956,-4.381220809153286
2022-10-12,61.004817962646484,31.825300216674805,397.5,388.29932926496406,-2.314634147178851
2022-10-13,63.39324951171875,31.774200439453125,395.0,402.8539632987231,1.9883451389172357
2022-10-14,60.824012756347656,31.848600387573242,412.0,387.43193524911476,-5.9631225123507825
2022-10-17,61.747039794921875,31.961999893188477,397.0,394.7117758659995,-0.5763788750630883
2022-10-18,60.624183654785156,31.988000869750977,407.0,387.8492878954421,-4.705334669424543
2022-10-19,60.57661056518555,32.016998291015625,395.5,387.89624738821294,-1.9225670320574095
2022-10-20,60.50048828125,32.152000427246094,397.5,389.04234501346946,-2.127711946296995
2022-10-21,60.66225051879883,32.09400177001953,389.5,389.37887510473956,-0.031097534084834066
2022-10-24,58.3213996887207,32.18000030517578,387.0,375.3565319562622,-3.008648073317266
2022-10-25,58.17866516113281,32.31129837036133,371.0,375.9656417621416,1.3384479143238925
2022-10-26,57.89319610595703,32.22700119018555,376.0,373.1448199620645,-0.7593563930679559
2022-10-27,57.997867584228516,31.962900161743164,385.5,370.75601023773925,-3.8246406646590847
2022-10-28,59.00652313232422,32.042999267578125,379.5,378.1491955022793,-0.3559432141556407
2022-10-31,58.56880569458008,32.11399841308594,390.0,376.1757066264166,-3.544690608611123
2022-11-01,58.597354888916016,32.24769973754883,391.5,377.9259811744705,-3.467182330914298
2022-11-02,57.58869171142578,32.124000549316406,395.0,369.995832834451,-6.33016890267063
2022-11-03,57.36032485961914,32.247501373291016,384.0,369.9454309365974,-3.6600440269277557
2022-11-04,59.453765869140625,32.150001525878906,382.0,382.28773268242367,0.07532269173393669
2022-11-07,59.7202033996582,31.999000549316406,390.0,382.1973642781901,-2.0006758261051028
2022-11-08,61.8707389831543,31.850000381469727,399.0,394.1166120430556,-1.2239067561264139
2022-11-09,61.8516960144043,31.7898006439209,417.0,393.2506171572619,-5.695295645740551
2022-11-10,67.40882873535156,31.91200065612793,407.5,430.23011736627086,5.577942911968314
2022-11-11,70.25403594970703,31.402000427246094,441.5,441.22345338169254,-0.06263796564155433
2022-11-14,69.27392578125,31.096599578857422,445.0,430.83670625500383,-3.1827626393249764
2022-11-15,76.56290435791016,30.888999938964844,480.0,472.9903096076916,-1.4603521650642493
2022-11-16,75.601806640625,31.07900047302246,487.0,469.9257168690674,-3.5060129632305093
2022-11-17,77.53349304199219,31.03499984741211,485.0,481.2503889455111,-0.7731156813379214
2022-11-18,78.28522491455078,31.024999618530273,487.0,485.75981462209893,-0.2546581884807164
2022-11-21,76.0585708618164,31.111299514770508,482.0,473.2561957494734,-1.8140672718934825
2022-11-22,78.54214477539062,31.131000518798828,491.0,489.01910995005164,-0.4034399287063839
2022-11-23,77.99976348876953,31.107200622558594,492.0,485.2708582714549,-1.3677117334441213
2022-11-25,77.45735931396484,30.913000106811523,498.0,478.88787134918675,-3.8377768375126964
2022-11-28,75.3829574584961,30.928499221801758,480.5,466.2963482184423,-2.9560149389298074
2022-11-29,75.48761749267578,31.006099700927734,487.0,468.1153188326804,-3.8777579399013606
2022-11-30,78.96085357666016,30.945999145507812,490.0,488.7045014623785,-0.26438745665744445
2022-12-01,78.67536926269531,30.777999877929688,498.5,484.2941011126619,-2.8497289643606982
2022-12-02,77.55252075195312,30.587799072265625,492.5,474.4321844616905,-3.6685919874740125
2022-12-05,77.66670989990234,30.538000106811523,489.0,474.35719904378345,-2.9944378233571656
2022-12-06,75.70649719238281,30.562999725341797,478.0,462.7635305794771,-3.1875459038750775
2022-12-07,75.40198516845703,30.633499145507812,475.0,461.96532964550426,-2.7441411272622673
2022-12-08,76.88642883300781,30.636999130249023,471.5,471.1138906569628,-0.08188957434511757
2022-12-09,76.78174591064453,30.46299934387207,481.5,467.8004550594633,-2.8451806730086626
2022-12-12,76.53434753417969,30.693700790405273,475.0,469.8244726806006,-1.0895846988209223
2022-12-13,76.61048889160156,30.68000030517578,471.5,470.08196451480035,-0.30074983779420084
2022-12-14,76.14420318603516,30.60099983215332,480.5,466.017749783062,-3.0139958828174773
2022-12-15,74.26953125,30.48430061340332,480.5,452.81094340831044,-5.762550799519161
2022-12-16,73.01593017578125,30.809999465942383,471.0,449.9241539442213,-4.474701922670632
2022-12-19,72.82452392578125,30.77079963684082,466.5,448.17376687370705,-3.9284529745536867
2022-12-20,72.36517333984375,30.78569984436035,457.5,445.56250112510753,-2.6092893715611964
2022-12-21,73.81975555419922,30.724000930786133,459.0,453.6076476715243,-1.1748044288618087
2022-12-22,72.03981018066406,30.679000854492188,468.0,442.02187961800956,-5.550880423502225
2022-12-23,71.6666030883789,30.739999771118164,455.0,440.6062725067168,-3.1634565919303803
2022-12-27,71.12113189697266,30.7189998626709,457.0,436.95400819522035,-4.386431467129026
2022-12-28,69.91535949707031,30.72209930419922,451.0,429.58932347155644,-4.7473783876815006
2022-12-29,72.72882080078125,30.72800064086914,446.0,446.96225043521264,0.21575121865753388
2022-12-30,71.2838134765625,30.680099487304688,448.5,437.3988978590816,-2.475162127295072
2023-01-03,70.84362030029297,30.72010040283203,453.0,435.2646257050219,-3.9150936633505773
2023-01-04,73.03504943847656,30.650299072265625,449.5,447.70922160940245,-0.39839341281369123
2023-01-05,72.47045135498047,30.687999725341797,458.5,444.79463825540734,-2.989173771994036
2023-01-06,74.70973205566406,30.62299919128418,458.5,457.5672128643317,-0.203443213886223
2023-01-09,76.85332489013672,30.561500549316406,481.0,469.7505861693411,-2.3387554741494565
2023-01-10,77.77198791503906,30.461999893188477,486.0,473.8180575121951,-2.5065725283549223
2023-01-11,78.2600326538086,30.432600021362305,484.5,476.33125428242204,-1.686015627983073
2023-01-12,83.25537109375,30.434999465942383,486.5,506.77543495502323,4.167612529295628
2023-01-13,83.06396484375,30.32550048828125,500.0,503.79126128554344,0.7582522571086825
2023-01-17,85.15970611572266,30.32900047302246,503.0,516.5617534132413,2.6961736408034342
2023-01-30,89.12153625488281,30.256000518798828,543.0,539.2922494327765,-0.6828269921221874
2023-01-31,88.73873138427734,30.094999313354492,522.0,534.1184120155551,2.321534868880293
2023-02-01,90.66220092773438,30.0310001373291,530.0,544.53531370227,2.742512019296206
2023-02-02,92.49002838134766,29.533000946044922,540.0,546.3016191372124,1.1669665068911872
2023-02-03,90.58567810058594,29.542999267578125,542.0,535.2345243557356,-1.2482427387941697
2023-02-06,87.87747955322266,29.96579933166504,526.0,526.6637836128735,0.12619460320790754
2023-02-07,90.48040771484375,29.998300552368164,523.0,542.8516929461388,3.7957347889366666
2023-02-08,90.22201538085938,30.027099609375,540.0,541.8210885599256,0.3372386222084467
2023-02-09,92.5282974243164,30.041500091552734,540.0,555.937771108764,2.9514390942155577
2023-02-10,91.26509857177734,30.003000259399414,545.0,547.6453552246297,0.4853862797485675
2023-02-13,91.97325897216797,30.18079948425293,541.0,555.1652973904536,2.6183544159803285
2023-02-14,93.74363708496094,30.219999313354492,545.0,566.5865296677745,3.9608311317017364
2023-02-15,88.76744079589844,30.248699188232422,525.0,537.0199228688725,2.289509117880484
2023-02-16,86.91094970703125,30.302000045776367,528.0,526.7151204001857,-0.24334840905574362
2023-02-17,86.2219467163086,30.253000259399414,518.0,521.6945152748813,0.7132268870427172
2023-02-21,83.8678207397461,30.364500045776367,516.0,509.3208893382369,-1.2944012910393599
2023-02-22,83.09268188476562,30.484500885009766,507.0,506.6077868907945,-0.07735958761450057
2023-02-23,86.20280456542969,30.475299835205078,518.0,525.411263153411,1.4307457825117886
2023-02-24,84.31759643554688,30.283000946044922,511.0,510.67797052518,-0.06301946669666769
2023-03-01,84.61425018310547,30.64579963684082,522.0,518.6142715065944,-0.6486069910738745
2023-03-02,85.197998046875,30.560699462890625,519.0,520.7420826300979,0.3356613930824537
2023-03-03,85.92528533935547,30.601499557495117,516.0,525.8885162579857,1.9163791197646551
2023-03-06,85.72431945800781,30.498600006103516,521.0,522.8943459890434,0.36359807851120696
2023-03-07,85.0257339477539,30.575000762939453,524.0,519.9323760644126,-0.7762641098449374
2023-03-08,86.92051696777344,30.726299285888672,521.0,534.1491636871942,2.52383180176472
2023-03-09,85.054443359375,30.72480010986328,522.0,522.656154134497,0.12570002576570705
2023-03-10,83.49459075927734,30.813899993896484,513.0,514.5587939375371,0.30385846735614397
2023-03-13,83.96351623535156,30.828699111938477,516.0,517.6971956800029,0.32891389147342576
2023-03-14,85.44679260253906,30.454999923706055,510.0,520.4564124382508,2.0502769486766326
2023-03-15,82.96826934814453,30.378999710083008,511.0,504.0986060946743,-1.350566321981539
2023-03-16,85.90123748779297,30.520000457763672,505.0,524.3411614899815,3.8299329683131544
2023-03-17,86.06476593017578,30.548999786376953,518.0,525.8385032031044,1.5132245565838698
2023-03-20,86.61306762695312,30.618000030517578,512.0,530.3837814490544,3.590582314268431
2023-03-21,88.97944641113281,30.506000518798828,517.0,542.88140767609,5.006074985704068
2023-03-22,89.09487915039062,30.480100631713867,533.0,543.1241764548583,1.8994702541948127
2023-03-23,90.98989868164062,30.350000381469727,538.0,552.308691939537,2.659608167200189
2023-03-24,89.25838470458984,30.13800048828125,539.0,538.0138483620249,-0.18295948756495983
2023-03-27,87.20947265625,30.320999145507812,531.0,528.8556691780686,-0.40382878002473976
2023-03-28,87.35375213623047,30.163000106811523,525.0,526.9702470031013,0.3752851434478677
2023-03-29,89.22953796386719,30.344999313354492,530.0,541.5340536488977,2.176236537527876
2023-03-30,88.95057678222656,30.516000747680664,535.0,542.8831735186104,1.4734903773103492
2023-03-31,89.4796371459961,30.351999282836914,533.0,543.1771764967561,1.9094139768773166
2023-04-06,86.80545043945312,30.540800094604492,530.0,530.2215817986871,0.04180788654473133
2023-04-10,85.63188934326172,30.39299964904785,529.0,520.5219965514116,-1.602647154742609
2023-04-11,85.84352111816406,30.522199630737305,524.0,524.0266177148035,0.005079716565559167
2023-04-12,83.56371307373047,30.479900360107422,520.0,509.40272964158214,-2.0379366073880467
2023-04-13,83.73686981201172,30.446500778198242,510.0,509.89893437905994,-0.01981678841962431
2023-04-14,83.88114929199219,30.451000213623047,516.0,510.85297900188016,-0.9974846895581035
2023-04-17,84.6410903930664,30.506000518798828,520.0,516.4122294885165,-0.689955867592984
2023-04-18,84.7853775024414,30.46649932861328,515.0,516.6227293508709,0.31509307783901264
2023-04-19,83.91002655029297,30.451900482177734,510.0,511.0439555932826,0.20469717515345653
2023-04-20,85.89160919189453,30.537500381469727,513.0,524.5830096925056,2.2578966262194022
2023-04-21,82.12080383300781,30.55929946899414,511.0,501.9108473934815,-1.7786991402188868
2023-04-24,81.41859436035156,30.625,507.0,498.6888904571533,-1.6392720991807996
2023-04-25,79.15804290771484,30.57200050354004,498.0,484.00394552678046,-2.8104527054657713
2023-04-26,79.11955261230469,30.693700790405273,491.5,485.6943749105616,-1.1812055115846265
2023-04-27,80.4854965209961,30.628299713134766,493.5,493.02678200110677,-0.09589017201483419
2023-04-28,81.09153747558594,30.626800537109375,502.0,496.7148687024601,-1.0528149995099434
2023-05-02,79.80252075195312,30.72879981994629,501.0,490.4471370627754,-2.1063598677094952
2023-05-03,79.55242156982422,30.75480079650879,496.0,489.32377565196657,-1.3460129733938397
2023-05-04,80.31234741210938,30.646799087524414,498.0,492.26327507727547,-1.1519527957278175
2023-05-05,81.73603057861328,30.627899169921875,500.0,500.68058062228374,0.13611612445674215
2023-05-08,82.28433990478516,30.577999114990234,504.0,503.21809455721524,-0.15513996880650582
2023-05-09,81.82260131835938,30.58799934387207,510.0,500.5579350879765,-1.8513852768673567
2023-05-10,81.66869354248047,30.649799346923828,503.0,500.62581400048805,-0.47200516888905586
2023-05-11,80.254638671875,30.61440086364746,499.0,491.389535893593,-1.5251431074963961
2023-05-12,80.254638671875,30.697900772094727,496.0,492.72978688990696,-0.6593171592929492
2023-05-15,82.39977264404297,30.809999465942383,495.5,507.74739023134754,2.4717235582941477
2023-05-16,82.61138153076172,30.743000030517578,505.0,507.9443409842614,0.5830378186656215
2023-05-17,87.42108154296875,30.777799606323242,519.0,538.1257058195072,3.6851070943173747
2023-05-18,89.12372589111328,30.79129981994629,530.0,548.8470729967958,3.556051508829383
2023-05-19,89.056396484375,30.69029998779297,532.0,546.63350478746,2.750658794635341
2023-05-22,88.22913360595703,30.6200008392334,531.0,540.315229011848,1.7542804165438852
2023-05-23,86.99784851074219,30.660999298095703,530.0,533.4881944247405,0.6581498914604689
2023-05-24,86.69963836669922,30.805400848388672,525.0,534.1634226593014,1.7454138398669494
2023-05-25,97.10782623291016,30.808399200439453,543.0,598.3473352140805,10.192879413274492
2023-05-26,99.28182220458984,30.75979995727539,566.0,610.7777980813931,7.911271745829174
2023-05-30,98.09864044189453,30.535999298095703,566.0,599.1080031355668,5.84947051865139
2023-05-31,94.83765411376953,30.56130027770996,558.0,579.6724050009012,3.8839435485485962
2023-06-01,95.07813262939453,30.64590072631836,551.0,582.751002760831,5.762432442982046
2023-06-02,95.1743392944336,30.582799911499023,562.0,582.1395550701563,3.5835507242271136
2023-06-05,94.31819915771484,30.66699981689453,555.0,578.4912392598926,4.232655722503176
2023-06-06,96.02083587646484,30.64579963684082,560.0,588.5270594464237,5.09411775828994
2023-06-07,96.47295379638672,30.631799697875977,568.0,591.0280393906723,4.054232287090209
2023-06-08,96.13628387451172,30.712900161743164,559.0,590.5248177117755,5.63950227402068
2023-06-09,98.88742065429688,30.64579963684082,565.0,606.0968159951153,7.273772742498297
2023-06-12,102.98527526855469,30.660999298095703,574.0,631.5262905446696,10.022001837050443
2023-06-13,102.73517608642578,30.711299896240234,593.0,631.0261605366541,6.412505992690387
2023-06-14,103.32196044921875,30.577999114990234,590.0,631.8757630350534,7.097586955093793
2023-06-15,101.60060119628906,30.731300354003906,591.0,624.4637183021056,5.662219678867264
2023-06-16,101.0113525390625,30.65329933166504,589.0,619.2662450552452,5.138581503437223
2023-06-20,100.44145202636719,30.791799545288086,583.0,618.5546113667136,6.098561126365976
2023-06-21,98.18107604980469,30.95330047607422,581.0,607.8056696067797,4.613712496863975
2023-06-26,96.70314025878906,30.996999740600586,574.0,599.5014427033893,4.442760052855288
2023-06-27,98.60610961914062,31.003999710083008,572.0,611.4367588088498,6.894538253295424
2023-06-28,97.4855728149414,30.993499755859375,574.0,604.2838154479396,5.275926036226397
2023-06-29,97.2151107788086,31.056499481201172,573.0,603.8322074933967,5.380839004083193
2023-06-30,97.4855728149414,31.117300033569336,576.0,606.6975636453805,5.329438132878561
2023-07-03,99.63967895507812,31.145999908447266,579.0,620.6754863225157,7.197838743094254
2023-07-05,97.5531997680664,31.077999114990234,582.0,606.3516512112867,4.184132510530358
2023-07-06,96.02696228027344,31.224199295043945,565.0,599.6730015873851,6.136814440245142
2023-07-07,96.8190689086914,31.326900482177734,565.0,606.6082672959368,7.364295096625972
2023-07-10,96.37471008300781,31.259000778198242,565.0,602.5154274966742,6.63989867197774
2023-07-11,97.81401824951172,31.360000610351562,577.0,613.4895344011253,6.324009428271271
2023-07-12,100.3641586303711,31.265499114990234,578.0,627.5871025669214,8.57908348908676
2023-07-13,101.97733306884766,31.03380012512207,585.0,632.9488343503239,8.196381940226294
2023-07-14,101.56196594238281,30.957799911499023,591.0,628.8270040525531,6.400508299924379
2023-07-17,101.22388458251953,30.950000762939453,591.0,626.575861011335,6.01960423203638
2023-07-18,99.63967895507812,30.950000762939453,581.0,616.769627935742,6.156562467425486
2023-07-19,99.55274963378906,30.902999877929688,581.0,615.2957219561097,5.9028781335817015
2023-07-20,94.52971649169922,31.04330062866211,579.0,586.9028814788035,1.3649190809677858
2023-07-21,93.94048309326172,31.037799835205078,560.0,583.1411821342248,4.1323539525401465
2023-07-24,94.90644073486328,31.32200050354004,558.0,594.5319168973161,6.546938512063827
2023-07-25,96.906005859375,31.299999237060547,569.0,606.6315818930045,6.613634779086919
2023-07-26,96.02696228027344,31.166000366210938,566.0,598.5552683186252,5.751814190569826
2023-07-27,95.9690170288086,31.214000701904297,569.0,599.1153929796594,5.2926876941404855
2023-07-28,97.4276123046875,31.296300888061523,567.0,609.824773898581,7.552870176116588
2023-07-31,95.77581024169922,31.353500366210938,565.0,600.5813802974532,6.297589433177553
2023-08-01,95.05133056640625,31.39889907836914,567.0,596.9014271438588,5.273620307558868
2023-08-02,92.4432144165039,31.594999313354492,561.0,584.1486592027446,4.126320713501719
2023-08-04,92.88758087158203,31.640499114990234,554.0,587.801884072175,6.101423117721105
2023-08-07,93.07110595703125,31.652000427246094,558.0,589.1773371032439,5.587336398430809
2023-08-08,91.27439880371094,31.66550064086914,552.0,578.0499067627709,4.719186007748344
2023-08-09,90.7817611694336,31.795499801635742,554.0,577.2902938509739,4.204024160825615
2023-08-10,91.5738525390625,31.708999633789062,551.0,580.7430513251572,5.398012944674635
2023-08-11,88.85946655273438,31.741500854492188,546.0,564.1065667026676,3.316221007814568
2023-08-14,89.90271759033203,31.893999099731445,541.0,573.471438777892,6.002114376689827
2023-08-15,88.56002807617188,31.90399932861328,542.0,565.0838152568322,4.259006504950591
2023-08-16,88.65662384033203,31.864900588989258,542.0,565.006901045519,4.24481569105517
2023-08-17,88.52137756347656,31.912799835205078,544.0,564.9930006639682,3.8590074749941694
2023-08-18,87.99976348876953,31.896400451660156,539.0,561.3751391778351,4.151231758410967
2023-08-21,89.41007232666016,31.902000427246094,537.0,570.4720331130433,6.233153279896331
2023-08-22,89.10095977783203,31.916200637817383,541.0,568.7528218582768,5.129911618905125
2023-08-23,91.0135726928711,31.976999282836914,552.0,582.0681897456728,5.447135823491456
2023-08-24,89.38109588623047,31.85580062866211,564.0,569.4612741046178,0.9683110114570681
2023-08-25,89.93169403076172,31.81410026550293,546.0,572.2191861882369,4.802048752424337
2023-08-28,90.80107116699219,31.812000274658203,549.0,577.7127401807229,5.230007318893071
2023-08-29,91.84432983398438,31.81800079345703,552.0,584.4605919064488,5.880542012037826
2023-08-30,91.55451965332031,31.767000198364258,555.0,581.6824887976342,4.807655639213371
2023-08-31,90.38571166992188,31.798799514770508,549.0,574.8314248783397,4.705177573468067
2023-09-01,90.01864624023438,31.80780029296875,548.0,572.6590244505554,4.499821980028362
2023-09-05,91.38066101074219,31.857799530029297,552.0,582.2373558803578,5.477781862383657
2023-09-06,89.12027740478516,31.904499053955078,550.0,568.6675612298365,3.3941020417884493
2023-09-07,86.98551177978516,31.933900833129883,542.0,555.5573414189421,2.501354505339859
2023-09-08,86.58943939208984,32.03139877319336,539.0,554.7161725430575,2.9158019560403536
2023-09-11,86.5508041381836,32.084999084472656,536.0,555.3964943067986,3.6187489378355586
2023-09-12,87.40087127685547,31.9064998626709,544.0,557.7311774784612,2.5241135070700693
2023-09-13,88.11568450927734,31.96380043029785,541.0,563.3024308867258,4.1224456352543015
2023-09-14,88.81576538085938,31.894899368286133,550.0,566.5539798279642,3.009814514175302
2023-09-15,86.6601791381836,31.868900299072266,558.0,552.3529217709031,-1.0120211880101926
2023-09-18,86.25235748291016,31.878000259399414,540.0,549.9105348428042,1.8352842301489147
2023-09-19,85.61150360107422,31.898500442504883,538.0,546.1757171004749,1.5196500186756445
2023-09-20,84.75704956054688,31.979999542236328,535.0,542.1060812295182,1.3282394821529264
2023-09-21,82.883056640625,32.0088996887207,527.0,530.5990891808644,0.6829391235036786
2023-09-22,83.1549301147461,32.13800048828125,522.0,534.4866369261406,2.3920760394905427
2023-09-25,83.73751068115234,32.13100051879883,525.0,538.1139998278056,2.4979047291058265
2023-09-26,81.84410858154297,32.10279846191406,519.0,525.484984617657,1.2495153405890136
2023-09-27,82.96072387695312,32.18980026245117,522.0,534.097826245497,2.3175912347695338
2023-09-28,83.90259552001953,32.225799560546875,523.0,540.7656451675575,3.396872880986135
2023-10-02,85.10660552978516,32.244998931884766,533.0,548.8524808808521,2.9741990395594886
2023-10-03,82.93160247802734,32.306800842285156,529.0,535.8509529578383,1.295076173504417
2023-10-04,84.1550521850586,32.31169891357422,520.0,543.8385416519479,4.584334933066914
2023-10-05,84.50459289550781,32.29119873046875,528.0,545.7509205652401,3.3619167737197087
2023-10-06,86.69901275634766,32.20370101928711,532.0,558.4058170945558,4.963499453863873
2023-10-11,89.33037567138672,32.01649856567383,544.0,572.0091689108115,5.148744285075635
2023-10-12,89.73818969726562,32.059200286865234,550.0,575.386919377069,4.615803523103468
2023-10-13,87.83507537841797,32.1697998046875,553.0,565.1273581506684,2.19301232380984
2023-10-16,88.57301330566406,32.19490051269531,545.0,570.3198702970985,4.645847760935506
2023-10-17,88.3593978881836,32.186500549316406,551.0,568.7959617330577,3.229757120337151
2023-10-18,87.00001525878906,32.32500076293945,540.0,562.4551119232201,4.158354059855585
2023-10-19,90.21397399902344,32.395301818847656,546.0,584.5017831952078,7.051608643810958
2023-10-20,88.66039276123047,32.34830093383789,556.0,573.6026131905091,3.165937624192283
2023-10-23,88.4662094116211,32.332000732421875,544.0,572.057909498224,5.157703951879422
2023-10-24,88.9808120727539,32.236000061035156,544.0,573.6770926816505,5.455347919421039
2023-10-25,85.09689331054688,32.20399856567383,544.0,548.0920460232301,0.7522143425055194
2023-10-26,84.91240692138672,32.38029861450195,531.0,549.8978184381209,3.5589111936197515
2023-10-27,83.4947738647461,32.3588981628418,533.0,540.3597769237647,1.3808211864474007
2023-10-30,83.56273651123047,32.41400146484375,532.0,541.7205327362753,1.827167807570551
2023-10-31,83.80548858642578,32.247501373291016,529.0,540.5035216560179,2.1745787629523505
2023-11-01,85.25225067138672,32.40290069580078,528.0,552.4840425196919,4.637129265093165
2023-11-02,87.8544921875,32.376800537109375,547.0,568.8894739687443,4.001731986973356
2023-11-03,89.12648010253906,32.159000396728516,549.0,573.243701795314,4.415974826104563
2023-11-06,89.9129638671875,32.08940124511719,550.0,577.0506349343807,4.918297260796489
2023-11-07,89.72848510742188,32.10200119018555,555.0,576.0927871424007,3.800502187819932
2023-11-08,89.33037567138672,32.0802001953125,556.0,573.1472670121118,3.084040829516521
2023-11-09,88.96139526367188,32.215999603271484,557.0,573.1960549041862,2.907729785311708
2023-11-10,94.61251831054688,32.253501892089844,557.0,610.3170076689217,9.572173728711263
2023-11-13,93.62210845947266,32.34579849243164,571.0,605.6563709333365,6.069416976065933
2023-11-14,96.03986358642578,32.24449920654297,572.0,619.3514610418002,8.278227454860176
2023-11-15,95.93305206298828,32.07699966430664,581.0,615.4488957640773,5.929241955951348
2023-11-16,95.68061065673828,32.00859832763672,583.0,612.5204468509066,5.063541483860479
2023-11-17,96.6904296875,31.836999893188477,580.0,615.6666399266571,6.149420677009854
2023-11-20,97.05940246582031,31.734699249267578,577.0,616.0301893132855,6.764330903515692
2023-11-21,95.55437469482422,31.468000411987305,585.0,601.3810204527836,2.8001744363732595
2023-11-22,95.78741455078125,31.374000549316406,577.0,601.0468793467619,4.167570077428406
2023-11-24,94.9912109375,31.61400032043457,575.0,600.6104346033186,4.453988626664107
2023-11-27,94.38919830322266,31.63599967956543,568.0,597.219329455038,5.144248143492591
2023-11-28,95.1368637084961,31.524999618530273,575.0,599.8379184237012,4.319637986730651
2023-11-29,96.0107421875,31.27199935913086,574.0,600.4895736314356,4.614908298159515
2023-11-30,94.48628997802734,31.069000244140625,577.0,587.1189132790547,1.753711140217451
2023-12-01,95.69031524658203,31.374000549316406,579.0,600.4376006221049,3.702521696391181
2023-12-04,94.19499206542969,31.18899917602539,574.0,587.569505982881,2.3640254325576704
2023-12-05,93.88428497314453,31.423599243164062,570.0,590.0364292454208,3.5151630255124244
2023-12-06,95.01062774658203,31.516000747680664,570.0,598.8710030197777,5.0650882490838045
2023-12-07,96.4088363647461,31.489099502563477,566.0,607.16548824317,7.273054459924033
2023-12-08,97.43807983398438,31.427000045776367,570.0,612.4373078805977,7.445141733438199
2023-12-11,98.02066040039062,31.409500122070312,574.0,615.7559889622964,7.2745625369854405
2023-12-12,98.65180206298828,31.327999114990234,578.0,618.1127135442978,6.939915838113797
2023-12-13,99.15670776367188,31.473100662231445,577.0,624.1538089563022,8.17223725412517
2023-12-14,100.9215087890625,31.156999588012695,582.0,628.8822815524879,8.055374837197249
2023-12-15,100.03375244140625,31.18429946899414,585.0,623.8964986280073,6.648974124445695
2023-12-18,100.4142074584961,31.34779930114746,585.0,629.552884478544,7.615877688640005
2023-12-19,101.33123779296875,31.375,585.0,635.8535171508789,8.692908914680153
2023-12-20,97.59485626220703,31.270000457763672,585.0,610.3582399989187,4.334741880157056
2023-12-21,100.04350280761719,31.309999465942383,577.0,626.4724038954998,8.574073465424581
2023-12-22,100.62883758544922,31.19300079345703,582.0,627.7830821295153,7.866508956961393
2023-12-26,101.89705657958984,31.119699478149414,586.0,634.2011556929647,8.225453189925712
2023-12-27,102.0921859741211,30.94300079345703,592.0,631.8077183205984,6.724276743344326
2023-12-28,102.14095306396484,30.845699310302734,593.0,630.1218250957609,6.260004232000149
2023-12-29,101.45806884765625,30.697999954223633,593.0,622.911958568194,5.044175137975371
2024-01-02,99.04843139648438,30.66860008239746,593.0,607.535346257512,2.451154512227993
2024-01-03,97.7216796875,30.878999710083008,578.0,603.5095437478274,4.413415873326532
2024-01-04,96.70709228515625,31.041900634765625,580.0,600.3943898785859,3.5162741169975753
2024-01-05,97.17536926269531,31.054000854492188,576.0,603.5368000238668,4.7806944485879965
2024-01-08,99.74107360839844,30.95199966430664,583.0,617.4371353689464,5.906884282838143
2024-01-09,99.3996353149414,30.72100067138672,586.0,610.731252649182,4.220350281430374
2024-01-10,98.3362808227539,31.061100006103516,584.0,610.8866105727677,4.603871673419135
2024-01-11,98.74600982666016,31.117799758911133,586.0,614.5517121554964,4.872305828583001
2024-01-12,98.76551818847656,30.893999099731445,584.0,610.2523659998609,4.4952681506611025
2024-01-16,99.18502044677734,31.19499969482422,580.0,618.8153365136707,6.692299398908741
2024-01-17,100.43372344970703,31.45800018310547,581.0,631.8888181341696,8.7588327253304
2024-01-18,110.26734924316406,31.542499542236328,588.0,695.6215626052232,18.302986837622992
2024-01-19,111.40876007080078,31.58060073852539,626.0,703.6711141140258,12.40752621629806
2024-01-22,110.26734924316406,31.383800506591797,626.0,692.1216982076294,10.562571598662851
2024-01-23,111.3404541015625,31.368000030517578,628.0,698.5054735311307,11.226986231071766
2024-01-24,113.67205047607422,31.395000457763672,627.0,713.7468153462571,13.835217758573704
2024-01-25,113.71107482910156,31.29199981689453,642.0,711.6493865462253,10.848814103773407
2024-01-26,114.39397430419922,31.315000534057617,644.0,716.4494732857944,11.24991821207988
2024-01-29,114.12081146240234,31.273099899291992,648.0,713.782307490395,10.151590662098009
2024-01-30,113.22329711914062,31.184999465942383,642.0,706.1736920385272,9.995902186686468
2024-01-31,110.19905853271484,31.159099578857422,628.0,686.7406876634399,9.353612685261137
2024-02-01,110.61856079101562,31.2450008392334,628.0,691.2554049500147,10.072516711785795
2024-02-02,112.9208755493164,31.233999252319336,635.0,705.3941084957187,11.085686377278536
2024-02-05,115.8865737915039,31.3257999420166,646.0,726.0479253116791,12.391319707690274
2024-02-15,125.87629699707031,31.34510040283203,697.0,789.1210335419746,13.216791039020759
2024-02-16,123.59349060058594,31.262699127197266,683.0,772.7732221452403,13.143956390225519
2024-02-20,122.26671600341797,31.402099609375,687.0,767.8863189700991,11.773845556055186
2024-02-21,122.27647399902344,31.37779998779297,681.0,767.353348870785,12.680374283522022
2024-02-22,125.91532897949219,31.426300048828125,692.0,791.410581851285,14.365691018971827
2024-02-23,126.36408233642578,31.45400047302246,697.0,794.9311811165971,14.050384665221971
2024-02-26,127.44692993164062,31.601999282836914,698.0,805.5155576598947,15.40337502290756
2024-02-27,125.44702911376953,31.5487003326416,698.0,791.5381458260963,13.400880490844735
2024-02-29,125.52508544921875,31.647899627685547,690.0,794.5210610107054,15.147979856623973
2024-03-01,130.6272430419922,31.614900588989258,689.0,825.9534605972643,19.877135064914995
2024-03-04,134.88067626953125,31.55929946899414,725.0,851.3479309941176,17.42730082677484
2024-03-05,131.67111206054688,31.509300231933594,730.0,829.7729203576688,13.667523336666964
2024-03-06,138.10980224609375,31.54050064086914,735.0,871.2104612506461,18.53203554430558
2024-03-07,145.5532989501953,31.464000701904297,760.0,915.9378200666863,20.51813421930082
2024-03-08,142.7924346923828,31.434799194335938,784.0,897.7303022050764,14.506416097586271
2024-03-11,135.62210083007812,31.452999114990234,766.0,853.1443634763127,11.376548756698778
2024-03-12,140.87062072753906,31.362199783325195,770.0,883.6025101716223,14.753572749561329
2024-03-13,138.66586303710938,31.398799896240234,779.0,870.7883371883305,11.782841744329975
2024-03-14,136.20745849609375,31.406600952148438,784.0,855.5626591386274,9.127890196253485
2024-03-15,133.6319580078125,31.525999069213867,753.0,842.5761967543046,11.895909263519865
2024-03-18,133.8415985107422,31.603700637817383,764.0,845.9779624440882,10.730099796346625
2024-03-19,132.1078338623047,31.641000747680664,762.0,836.0048140023312,9.711917848074947
2024-03-20,133.94935607910156,31.73040008544922,758.0,850.0533319156384,12.144239039002436
2024-03-21,136.5940399169922,31.76219940185547,784.0,867.7054265897023,10.676712575217117
2024-03-22,137.66172790527344,31.882999420166016,785.0,877.8137581965769,11.823408687462035
2024-03-25,137.3580780029297,31.934999465942383,780.0,877.3060295332864,12.475131991446965
2024-03-26,135.99652099609375,31.733999252319336,782.0,863.142699121614,10.37630423550051
2024-03-27,133.8905792236328,31.885299682617188,779.0,853.8282486449461,9.605680185487309
2024-03-28,133.263671875,31.979400634765625,769.0,852.3384705901146,10.837252352420634
2024-04-01,138.59226989746094,31.93400001525879,770.0,885.1611098040536,14.955988286240718
2024-04-02,137.3482666015625,32.01499938964844,790.0,879.4409342836589,11.32163725109605
2024-04-03,139.09182739257812,32.03900146484375,780.0,891.272652315721,14.265724655861668
2024-04-08,139.8656463623047,32.11119842529297,783.0,898.2507046443643,14.719119367096333
2024-04-09,142.4221954345703,32.07279968261719,819.0,913.575708906306,11.547705605165559
2024-04-10,143.2253875732422,31.96619987487793,815.0,915.6742732646235,12.35267156621147
2024-04-11,144.18531799316406,32.18299865722656,820.0,928.0631790731568,13.178436472336186
2024-04-12,139.60118103027344,32.2244987487793,818.0,899.7156166876317,9.989684191642013
2024-04-15,137.2698974609375,32.25400161743164,806.0,885.5006989459507,9.863610291060887
2024-04-16,136.9368896484375,32.38880157470703,788.0,887.0443494161591,12.569079875147082
2024-04-17,136.18264770507812,32.49789810180664,804.0,885.1299616707722,10.090791252583609
2024-04-18,129.5611114501953,32.3380012512207,804.0,837.9494768371922,4.222571745919423
2024-04-19,125.08468627929688,32.41590118408203,750.0,810.9465660143178,8.12620880190904
2024-04-22,127.09270477294922,32.50400161743164,742.0,826.2042963007407,11.348287911151033
2024-04-23,130.69735717773438,32.58300018310547,754.0,851.702402570704,12.957878325027039
2024-04-24,130.24676513671875,32.503501892089844,783.0,846.6951954119838,8.134763143292956
2024-04-25,133.78282165527344,32.62730026245117,766.0,872.9944584209122,13.967944963565571
2024-04-26,135.4676055908203,32.53099822998047,782.0,881.3792875389336,12.708348790144953
2024-04-29,135.6634979248047,32.558998107910156,795.0,883.4135144492378,11.121196786067644
2024-04-30,134.5272674560547,32.433998107910156,790.0,872.6514276264003,10.462206028658262
2024-05-02,133.4399871826172,32.47600173950195,772.0,866.7194511723588,12.269358960150111
2024-05-03,138.66082763671875,32.34600067138672,780.0,897.0246447664686,15.003159585444692
2024-05-06,139.90480041503906,32.27690124511719,786.0,903.1386853428091,14.903140628856114
2024-05-07,138.22006225585938,32.26300048828125,800.0,891.8787872102112,11.484848401276393
2024-05-08,140.65904235839844,32.363800048828125,802.0,910.4522243893705,13.522721245557424
2024-05-09,139.8656463623047,32.33300018310547,796.0,904.4551938885124,13.625024357853333
2024-05-10,146.203125,32.33879852294922,802.0,945.606680560112,17.906069895275813
2024-05-13,143.4114990234375,32.42399978637695,819.0,929.9948827399872,13.55248873504118
2024-05-14,148.83802795410156,32.371498107910156,825.0,963.6219880602555,16.802665219424906
2024-05-15,152.39370727539062,32.31370162963867,839.0,984.8809574262938,17.387480026971836
2024-05-16,149.1123046875,32.03129959106445,841.0,955.2521808318794,13.585277150045115
2024-05-17,148.5735626220703,32.12379837036133,835.0,954.5494337675278,14.317297457188971
2024-05-20,150.4052734375,32.16400146484375,835.0,967.527087032795,15.871507429077237
2024-05-21,150.52281188964844,32.2057991027832,841.0,969.5414880208089,15.284362428158005
2024-05-22,152.95201110839844,32.234798431396484,864.0,986.075449551188,14.129102957313421
2024-05-23,153.87278747558594,32.223899841308594,875.0,991.676258383249,13.334429529514157
2024-05-24,156.72317504882812,32.22079849243164,867.0,1009.9491684684763,16.487793364299463
2024-05-28,156.14527893066406,32.06999969482422,865.0,1001.5158095309278,15.782174512245973
2024-05-29,151.17909240722656,32.17380142211914,857.0,972.8012196572614,13.512394359073676
2024-05-30,149.827392578125,32.37699890136719,838.0,970.1922649793327,15.774733291089827
2024-05-31,147.94667053222656,32.35639953613281,821.0,957.4043163562659,16.61441124924068
2024-06-03,151.77659606933594,32.46500015258789,846.0,985.4854429100524,16.487641005916352
2024-06-04,149.34739685058594,32.314300537109375,839.0,965.2113332529552,15.04306713384449
2024-06-05,159.58338928222656,32.328800201416016,854.0,1031.8279015139792,20.822939287351193
2024-06-06,158.75079345703125,32.25199890136719,894.0,1024.0060832334682,14.54206747577944
2024-06-07,161.0232696533203,32.208900451660156,879.0,1037.2764925329247,18.00642690932022
2024-06-11,162.31622314453125,32.33399963378906,883.0,1049.6665399426595,18.875032836088266
2024-06-12,169.43736267089844,32.315799713134766,909.0,1095.1007751989061,20.47313258513819
2024-06-13,169.90310668945312,32.20100021362305,919.0,1094.2099949604599,19.065287808537533
2024-06-14,169.5100555419922,32.29899978637695,922.0,1095.0010495479103,18.76367131756076
2024-06-17,174.15782165527344,32.3489990234375,921.0,1126.7662405300885,22.341611349629574
2024-06-18,176.56521606445312,32.30099868774414,943.0,1140.6465624798323,20.959338545051143
2024-06-20,172.3301544189453,32.38079833984375,981.0,1116.0375956228004,13.76530026735987
2024-06-21,170.93484497070312,32.340999603271484,970.0,1105.6407506765565,13.983582543974894
2024-06-24,164.89178466796875,32.362998962402344,940.0,1067.2785312236288,13.540269279109452
2024-06-25,169.59849548339844,32.32149887084961,945.0,1096.335516052891,16.01434032305726
2024-06-26,169.07772827148438,32.4734992980957,960.0,1098.1090980695328,14.386364382243011
2024-06-27,168.64537048339844,32.582298278808594,960.0,1098.970752886054,14.476120092297284
2024-06-28,170.78744506835938,32.52199935913086,966.0,1110.869835812156,14.996877413266674
2024-07-01,169.3332061767578,32.50400161743164,968.0,1100.8013614908443,13.719148914343426
2024-07-02,172.6445770263672,32.52170181274414,960.0,1122.9390907277702,16.972821950809404
2024-07-03,179.31651306152344,32.57279968261719,979.0,1168.1681719476824,19.322591618762242
2024-07-05,180.79043579101562,32.50659942626953,1005.0,1175.3764552718494,16.952881121577047
2024-07-08,183.384521484375,32.393001556396484,1035.0,1188.0750179724769,14.789856808934964
2024-07-09,181.31121826171875,32.47100067138672,1040.0,1177.4713379812426,13.218397882811782
2024-07-10,187.72764587402344,32.50749969482422,1045.0,1220.5112781919772,16.79533762602652
2024-07-11,181.2915496826172,32.58689880371094,1080.0,1181.545876695076,9.402395990284806
2024-07-12,184.0919952392578,32.38679885864258,1040.0,1192.430084260006,14.656738871154417
2024-07-15,181.9990234375,32.54800033569336,1040.0,1184.7408551879228,13.917389921915646
2024-07-16,182.8047637939453,32.57400131225586,1055.0,1190.9365231421193,12.884978496883349
2024-07-17,168.22283935546875,32.56330108642578,1030.0,1095.5781935091131,6.366814903797402
2024-07-18,168.88119506835938,32.49079895019531,1005.0,1097.4169910869562,9.195720506164795
2024-07-19,162.88726806640625,32.638999938964844,970.0,1063.2955064955167,9.61809345314606
2024-07-22,166.40499877929688,32.78099822998047,939.0,1090.9843940888065,16.1857714684565
2024-07-23,166.86683654785156,32.80849838256836,979.0,1094.9300673968974,11.841682063013014
2024-07-26,159.12388610839844,32.643001556396484,924.0,1038.8562523792614,12.430330344075902
2024-07-29,157.22743225097656,32.79800033569336,944.0,1031.349075149547,9.253079994655389
2024-07-30,151.85255432128906,32.849300384521484,940.0,997.650034211378,6.1329823629125535
2024-07-31,162.91676330566406,32.76150131225586,934.0,1067.4795509653982,14.291172480235348
2024-08-01,155.42926025390625,32.57229995727539,960.0,1012.5376974255312,5.472676815159505
2024-08-02,147.25393676757812,32.71649932861328,903.0,963.5266646784264,6.702842157079347
2024-08-05,145.37716674804688,32.58890151977539,815.0,947.536434075213,16.262139150332878
2024-08-06,152.68777465820312,32.67900085449219,880.0,997.9367837051861,13.401907239225697
2024-08-07,152.34384155273438,32.77799987792969,920.0,998.7052839637734,8.554922169975354
2024-08-08,161.68849182128906,32.650001525878906,896.0,1055.8259009364294,17.83771215808365
2024-08-09,164.2137908935547,32.41019821166992,934.0,1064.440302389965,13.965771133829218
2024-08-12,164.71493530273438,32.435001373291016,940.0,1068.5058305491461,13.670833037143204
2024-08-13,169.34300231933594,32.23899841308594,941.0,1091.889756608056,16.035043210207856
2024-08-14,167.0142364501953,32.30500030517578,948.0,1079.078991898452,13.826897879583534
2024-08-15,170.93484497070312,31.9950008392334,943.0,1093.8121016583755,15.992799751683506
2024-08-16,171.50474548339844,32.442501068115234,969.0,1112.808577706397,14.84092649188824
2024-08-19,172.39894104003906,32.135501861572266,973.0,1108.0252981450526,13.877214608946819
2024-08-20,169.0482177734375,31.910499572753906,973.0,1078.8826162068174,10.88207771909737
2024-08-21,168.4586639404297,31.895000457763672,958.0,1074.5978326988522,12.17096374727058
2024-08-22,163.54562377929688,31.69499969482422,951.0,1036.7156991549302,9.013217576753974
2024-08-23,168.30145263671875,32.03499984741211,949.0,1078.3074019073042,13.625648251559985
2024-08-26,166.1298828125,31.754499435424805,950.0,1055.074253995344,11.060447788983563
2024-08-27,167.5841522216797,31.80900001525879,942.0,1066.136860115308,13.17801062795203
2024-08-28,166.2576141357422,31.69499969482422,964.0,1053.9070058589102,9.326452889928438
2024-08-29,166.20848083496094,31.982999801635742,943.0,1063.1691619149467,12.743283341987976
2024-08-30,168.71414184570312,31.857999801635742,944.0,1074.979019490711,13.874896132490555
2024-09-03,157.69908142089844,31.930999755859375,940.0,1007.0978660699911,7.138070858509704
2024-09-04,158.0724639892578,31.981000900268555,889.0,1011.0631226296246,13.730384997708045
2024-09-05,160.85325622558594,31.954999923706055,902.0,1028.0131580832938,13.970416638946093
2024-09-06,154.09291076660156,32.00699996948242,918.0,986.4103580408148,7.452108719043005
2024-09-09,159.9492645263672,32.025901794433594,899.0,1024.5038875626633,13.960387938004825
2024-09-10,159.6053466796875,32.108001708984375,904.0,1024.92174879089,13.376299645009947
2024-09-11,167.2696990966797,32.15800094604492,901.0,1075.811828359135,19.401978730203663
2024-09-12,169.070556640625,32.106998443603516,940.0,1085.6696197839453,15.496768062121834
2024-09-13,170.12583923339844,31.92300033569336,947.0,1086.1854445915785,14.69751262846659
2024-09-16,166.7529296875,31.937999725341797,947.0,1065.151004511863,12.476346833354057
2024-09-18,164.9777069091797,31.93950080871582,941.0,1053.8611206491653,11.993742895766758
2024-09-19,173.79464721679688,31.77899932861328,960.0,1104.603995443834,15.062916192066055
2024-09-20,171.68411254882812,31.76799964904785,973.0,1090.8121654396527,12.108136221958144
2024-09-23,172.354736328125,31.98900032043457,977.0,1102.6911431257613,12.865009531807715
2024-09-24,179.4654998779297,31.933000564575195,987.0,1146.1743817847396,16.12709035306379
2024-09-25,179.84030151367188,31.700000762939453,1005.0,1140.187539038132,13.451496421704668
2024-09-26,184.25863647460938,31.863000869750977,1015.0,1174.2066188499216,15.68538116747995
2024-09-27,175.52056884765625,31.459999084472656,1000.0,1104.375387050677,10.437538705067716
2024-09-30,171.27975463867188,31.575000762939453,957.0,1081.6316766784294,13.023163707254891
2024-10-01,169.7017822265625,31.579999923706055,972.0,1071.836453953525,10.271240118675419
2024-10-04,178.6666717529297,32.018001556396484,977.0,1144.1099548522966,17.104396607195138
2024-10-07,181.97055053710938,32.34000015258789,1005.0,1176.985526427324,17.112987704211346
2024-10-08,183.48934936523438,32.12179946899414,1010.0,1178.8016170012531,16.713031386262678
2024-10-09,184.56436157226562,32.16999816894531,1020.0,1187.4870347664692,16.420297526124415
2024-10-11,188.18385314941406,32.195499420166016,1045.0,1211.7346269913135,15.955466697733357
2024-10-14,189.5645751953125,32.130001068115234,1045.0,1218.1420007004403,16.56861250721917
2024-10-15,184.55450439453125,32.152000427246094,1070.0,1186.759300828632,10.912084189591775
2024-10-16,184.89968872070312,32.17100143432617,1045.0,1189.6816302080406,13.84513207732445
2024-10-17,203.00698852539062,32.1349983215332,1035.0,1304.7258471045875,26.060468319283814
2024-10-18,198.01661682128906,32.06800079345703,1085.0,1269.999405068555,17.050636411848387
2024-10-21,199.17051696777344,32.04199981689453,1085.0,1276.364333642437,17.63726577349649
2024-10-22,195.74827575683594,32.05099868774414,1075.0,1254.7855458821055,16.72423682624238
2024-10-23,198.09552001953125,32.013999938964844,1060.0,1268.3659931628965,19.657169166310993
2024-10-24,195.2058563232422,32.00400161743164,1060.0,1249.4737083002342,17.874878141531525
2024-10-25,200.6400146484375,31.983800888061523,1065.0,1283.4460557386744,20.51136673602576
2024-10-28,192.00057983398438,32.06380081176758,1050.0,1231.2536695081508,17.26225423887151
2024-10-29,194.22947692871094,32.01380157470703,1040.0,1243.604786870978,19.57738335297865
2024-10-30,191.80332946777344,32.00299835205078,1030.0,1227.6563273750012,19.189934696602062
2024-11-01,190.29440307617188,31.86280059814453,1025.0,1212.6625240318012,18.308538929931828
2024-11-04,188.9235382080078,31.922800064086914,1040.0,1206.1936675228237,15.98016033873304
2024-11-05,193.0657196044922,31.91200065612793,1050.0,1232.2226741388731,17.354540394178386
2024-11-06,190.5606689453125,31.82229995727539,1060.0,1212.8157534473576,14.416580513901668
2024-11-07,198.4209747314453,32.334598541259766,1065.0,1283.1725120213464,20.48568187993862
2024-11-08,198.43084716796875,32.034000396728516,1090.0,1271.3067673803773,16.63364838352086
2024-11-11,191.37925720214844,32.23500061035156,1085.0,1233.8220945439766,13.716322077785858
2024-11-12,189.13063049316406,32.37480163574219,1050.0,1224.6133290918078,16.629840865886457
2024-11-13,184.09097290039062,32.414798736572266,1035.0,1193.4543671571882,15.309600691515769
2024-11-14,185.9056396484375,32.40800094604492,1035.0,1204.9660291203297,16.421838562350686
2024-11-15,183.44989013671875,32.537200927734375,1035.0,1193.789187109843,15.341950445395458
2024-11-18,184.89968872070312,32.46179962158203,1025.0,1200.4353290688712,17.115641860377686
2024-11-19,187.05953979492188,32.442298889160156,1040.0,1213.7283000191208,16.704644232607755
2024-11-20,185.767578125,32.32550048828125,1025.0,1201.0059874773026,17.171315851444156
2024-11-21,188.60794067382812,32.471500396728516,1010.0,1224.8765640832717,21.27490733497739
2024-11-22,187.46389770507812,32.50529861450195,1040.0,1218.7139948684023,17.184037968115607
2024-11-25,182.53271484375,32.56850051879883,1030.0,1188.9633636172862,15.433336273522924
2024-11-26,181.3097686767578,32.332000732421875,1010.0,1172.4215147304349,16.081338092122266
2024-11-27,178.6962432861328,32.404998779296875,1000.0,1158.1303091104141,15.813030911041404
2024-11-29,182.11849975585938,32.494300842285156,996.0,1183.5626640025062,18.83159277133597
2024-12-02,191.72442626953125,32.43899917602539,1035.0,1243.869701156253,20.180647454710442
2024-12-03,196.1526336669922,32.59149932861328,1055.0,1278.5816856927006,21.192576842910004
2024-12-04,197.92787170410156,32.4640007019043,1070.0,1285.1061131856754,20.103375064081817
2024-12-05,201.48818969726562,32.3129997253418,1075.0,1302.137563669472,21.129075690183452
2024-12-06,200.22579956054688,32.32279968261719,1065.0,1294.3716820974835,21.537247145303606
2024-12-09,196.4287872314453,32.38800048828125,1075.0,1272.387131352909,18.36159361422409
2024-12-10,189.2982940673828,32.37080001831055,1065.0,1225.5474442125183,15.074877390846787
2024-12-11,191.9217071533203,32.523799896240234,1045.0,1248.4046398398816,19.464558836352296
2024-12-12,189.4245147705078,32.485801696777344,1060.0,1230.7214446685975,16.105796666848814
2024-12-13,198.85321044921875,32.465999603271484,1065.0,1291.1936503107195,21.23884040476238
2024-12-16,200.0701141357422,32.49829864501953,1085.0,1300.3876638252987,19.85139758758514
2024-12-17,198.52671813964844,32.41699981689453,1075.0,1287.1281171163312,19.73284810384477
2024-12-18,193.48092651367188,32.4297981262207,1085.0,1254.9094776225043,15.659859688710064
2024-12-19,192.57070922851562,32.678001403808594,1070.0,1258.56518130037,17.622914140221503
2024-12-20,195.1134033203125,32.630001068115234,1035.0,1273.3101117490792,23.025131569959335
2024-12-23,205.15548706054688,32.61600112915039,1080.0,1338.270319523639,23.913918474411023
2024-12-24,204.1364288330078,32.608001708984375,1080.0,1331.2962040505372,23.268167041716413
2024-12-26,200.9011993408203,32.70790100097656,1085.0,1314.2113078034017,21.125466156995554
2024-12-27,199.4864044189453,32.721500396728516,1090.0,1305.4988922672928,19.770540574981
2024-12-30,198.2595672607422,32.80849838256836,1090.0,1300.9197383605526,19.350434711977304
2024-12-31,195.3904266357422,32.7599983215332,1075.0,1280.1980097261142,19.08818695126644
2025-01-02,199.4369354248047,32.80099868774414,1065.0,1308.3461314313463,22.849402012332988
2025-01-03,206.39219665527344,32.86980056762695,1075.0,1356.8140685546562,26.215262191130794
2025-01-06,217.67098999023438,32.91230010986328,1125.0,1432.810589553928,27.360941293682473
2025-01-07,209.1723175048828,32.735801696777344,1130.0,1369.4847012590385,21.19333639460517
2025-01-08,204.91802978515625,32.7244987487793,1105.0,1341.167961861333,21.372666231794835
2025-01-10,206.1547393798828,32.83100128173828,1100.0,1353.6533025634708,23.059391142133713
2025-01-13,199.21926879882812,33.09629821777344,1075.0,1318.6840661785566,22.668285225912243
2025-01-14,199.30831909179688,33.054500579833984,1090.0,1317.6073897971073,20.881411907991488
2025-01-15,204.6014404296875,32.95240020751953,1065.0,1348.4217096148059,26.612367099981782
2025-01-16,212.50648498535156,32.79600143432617,1105.0,1393.8725972766406,26.142316495623575
2025-01-17,209.25148010253906,32.84299850463867,1120.0,1374.4892096202238,22.722250858948566
2025-01-21,216.3749237060547,32.316001892089844,1120.0,1398.4744887771317,24.863793640815324
2025-01-22,220.82708740234375,32.58399963378906,1135.0,1439.0859470097348,26.791713392928184
2025-02-03,197.6758575439453,32.827999114990234,1070.0,1297.8605753015145,21.29538086930043
2025-02-04,201.88067626953125,32.98699951171875,1095.0,1331.8875539056958,21.63356656673021
2025-02-05,206.3526153564453,32.8916015625,1110.0,1357.4536011368036,22.293117219531865
2025-02-06,208.2620849609375,32.821800231933594,1115.0,1367.1073096947744,22.61052104885868
2025-02-07,203.92864990234375,32.79600143432617,1125.0,1337.608858939493,18.898565239066055
2025-02-10,205.73919677734375,32.82789993286133,1105.0,1350.7971528147814,22.244086227582027
2025-02-11,206.52081298828125,32.86539840698242,1110.0,1357.4777596387546,22.295293661149064
2025-02-12,204.18589782714844,32.80329895019531,1100.0,1339.594209567597,21.78129177887247
2025-02-13,199.6842803955078,32.85580062866211,1090.0,1312.1573810705333,20.38141110738838
2025-02-14,201.7322540283203,32.615299224853516,1060.0,1315.9115656875656,24.142600536562785
2025-02-18,200.58460998535156,32.706600189208984,1100.0,1312.0881285798619,19.28073896180562
2025-02-19,198.81362915039062,32.72129821777344,1090.0,1301.0880098375492,19.365872462160482
2025-02-20,197.97268676757812,32.74620056152344,1080.0,1296.570661318954,20.052839011014267
2025-02-21,196.1324462890625,32.69329833984375,1095.0,1282.44331613034,17.118111062131504
2025-02-24,189.61248779296875,32.77299880981445,1075.0,1242.8339673529845,15.612462079347388
2025-02-25,187.3567352294922,32.69969940185547,1055.0,1225.3017845834838,16.142349249619325
2025-02-26,192.55091857910156,32.77830123901367,1060.0,1262.298402606917,19.084754962916705
2025-02-27,179.1647491455078,32.750301361083984,1040.0,1173.539905559679,12.840375534584524
2025-03-03,171.13108825683594,32.904998779296875,1020.0,1126.2136500381864,10.413102944920238
2025-03-04,178.08636474609375,32.88890075683594,1000.0,1171.4129552559928,17.141295525599265
2025-03-05,182.32086181640625,32.7947998046875,1020.0,1195.8352326974273,17.23874830366934
2025-03-06,173.98046875,32.80110168457031,1005.0,1141.3502093195916,13.567185006924532
2025-03-07,175.21719360351562,32.8578987121582,1005.0,1151.4537600105862,14.572513433889167
2025-03-10,168.83575439453125,32.82699966430664,998.0,1108.4742505664472,11.069564185014746
2025-03-11,169.15235900878906,32.866600036621094,971.0,1111.8925857585623,14.510050026628463
2025-03-12,175.28643798828125,32.86880111694336,988.0,1152.2910137468484,16.628645116077777
2025-03-13,169.76577758789062,32.90629959106445,965.0,1117.2727075234288,15.779555183775006
2025-03-14,172.2391815185547,32.96839904785156,959.0,1135.6900135958101,18.424401834808137
2025-03-17,174.36631774902344,32.92599868774414,970.0,1148.2370298782248,18.374951533837613
2025-03-18,171.956787109375,32.95640182495117,971.0,1133.4153945008293,16.72661117413279
2025-03-19,172.58248901367188,32.97919845581055,952.0,1138.3264310359257,19.572104100412368
2025-03-20,176.26736450195312,33.003299713134766,985.0,1163.480932060466,18.119891579742742
2025-03-21,175.53236389160156,32.987300872802734,972.0,1158.067780121311,19.142775732645156
2025-03-24,179.932373046875,32.974998474121094,972.0,1186.6539453331382,22.083739231804334
2025-03-25,179.6741180419922,33.01129913330078,990.0,1186.2552114392397,19.82375873123634
2025-03-26,172.32427978515625,33.0452995300293,980.0,1138.9014883594123,16.21443758769512
2025-03-27,167.09991455078125,33.0885009765625,958.0,1105.8171371594071,15.42976379534522
2025-03-28,164.1301727294922,33.11140060424805,952.0,1086.9159800981288,14.171846648963115
2025-03-31,164.87509155273438,33.18579864501953,910.0,1094.3023179696406,20.25300197468578
2025-04-01,167.49720764160156,33.23910140991211,944.0,1113.4913341352599,17.954590480430067
2025-04-02,169.23533630371094,33.20349884033203,942.0,1123.8410585406934,19.303721713449406
2025-04-07,145.17947387695312,33.162498474121094,848.0,962.9028161836322,13.549860399013225
2025-04-08,140.41200256347656,32.980098724365234,816.0,926.1603413258563,13.500041829149056
2025-04-09,157.67422485351562,33.0806999206543,785.0,1043.1947435201844,32.89105012995979
2025-04-10,150.10586547851562,32.58810043334961,863.0,978.3330039697466,13.364195129750488
2025-04-11,156.0155487060547,32.78630065917969,889.0,1023.0345374767203,15.0770008410259
2025-04-14,154.783935546875,32.36199951171875,865.0,1001.823529317975,15.81774905410116
2025-04-15,156.2638397216797,32.3568000793457,877.0,1011.2395643010619,15.30667779943693
2025-04-16,150.64219665527344,32.50400161743164,855.0,979.2948407472926,14.537408274537157
2025-04-17,150.71173095703125,32.37879943847656,847.0,975.9729819366709,15.227034467139422
2025-04-22,150.3740234375,32.44060134887695,816.0,975.6447495125234,19.56430753829943
2025-04-23,156.7406005859375,32.57360076904297,873.0,1021.1211495572701,16.96691289315808
2025-04-24,163.0674285888672,32.532798767089844,864.0,1061.0079679496819,22.80184814232429
2025-04-25,163.981201171875,32.43560028076172,888.0,1063.7657389540225,19.79343907139892
2025-04-28,162.29270935058594,32.51900100708008,897.0,1055.5193557626917,17.672168981348022
2025-04-29,163.36538696289062,32.425899505615234,902.0,1059.4539240709273,17.456089143118337
2025-04-30,165.56040954589844,32.32170104980469,908.0,1070.238812605152,17.8677106393339
2025-05-02,178.06509399414062,32.11159896850586,950.0,1143.590977725829,20.37799765535042
2025-05-05,175.20460510253906,30.704299926757812,938.0,1075.9069487235042,14.702233339392778
2025-05-06,171.11253356933594,29.15999984741211,920.0,997.9282905544271,8.470466364611639
2025-05-07,173.35720825195312,29.97760009765625,928.0,1039.366612604633,12.000712565154426
2025-05-08,174.03260803222656,30.39069938659668,918.0,1057.7945348345615,15.228162836008874
2025-05-09,175.32379150390625,30.268999099731445,949.0,1061.3751374386484,11.841426495115748
2025-05-12,185.71292114257812,30.246400833129883,957.0,1123.4294905539718,17.390751364051393
2025-05-13,192.6754150390625,30.39310073852539,969.0,1171.2006598238834,20.866941158295504
2025-05-14,193.44020080566406,30.424999237060547,999.0,1177.0835923858335,17.826185424007356
2025-05-15,192.9038543701172,30.33970069885254,993.0,1170.5290410488785,17.87805045809452
2025-05-16,192.9038543701172,30.16699981689453,998.0,1163.8661078923149,16.619850490211906
2025-05-19,192.18873596191406,30.202600479125977,984.0,1160.9199217691844,17.979666846461818
2025-05-20,192.13906860351562,30.14579963684082,978.0,1158.437172906159,18.449608681611362
2025-05-21,190.4605255126953,30.146299362182617,990.0,1148.3360037568666,15.993535733016827
2025-05-22,194.86050415039062,30.0221004486084,982.0,1170.0243258139003,19.147080021782116
2025-05-23,190.6790313720703,30.046899795532227,984.0,1145.8627497491484,16.44946643792158
2025-05-27,196.34039306640625,29.915000915527344,965.0,1174.7046076673082,21.731047426664073
2025-05-28,194.81085205078125,29.964799880981445,967.0,1167.4936392690288,20.73357179617672
2025-05-29,195.81399536132812,29.950000762939453,967.0,1172.9258620932,21.295332170961736
2025-06-02,193.51963806152344,29.871000289916992,946.0,1156.1250329280797,22.211948512482003
2025-06-03,196.27088928222656,29.987300872802734,950.0,1177.1268418957363,23.908088620603827
2025-06-04,201.02841186523438,29.965900421142578,990.0,1204.7994743548102,21.696916601495975
2025-06-05,201.96205139160156,29.941999435424805,998.0,1209.4295257489139,21.185323221334063
2025-06-06,203.78958129882812,29.94529914855957,995.0,1220.5079950706217,22.664120107600173
2025-06-09,205.5972442626953,29.917699813842773,1005.0,1230.1993272809254,22.407893261783627
2025-06-10,211.020263671875,29.913799285888672,1045.0,1262.4835625471546,20.81182416719183
2025-06-11,212.64913940429688,29.888900756835938,1065.0,1271.16980473632,19.358667111391537
2025-06-12,214.75250244140625,29.8075008392334,1045.0,1280.2470793499378,22.511682234443818
2025-06-13,210.43612670898438,29.52519989013672,1030.0,1242.6337410377805,20.64405252793986
2025-06-16,215.001708984375,29.5049991607666,1025.0,1268.7250486294738,23.778053524826714
2025-06-17,213.22731018066406,29.0049991607666,1045.0,1236.9315905685362,18.36665938454891
2025-06-18,212.8285675048828,29.6471004486084,1055.0,1261.9499838301388,19.61611221138757
2025-06-20,208.8511199951172,29.571300506591797,1055.0,1235.1998461027747,17.08055413296443
2025-06-23,209.65858459472656,29.533000946044922,1020.0,1238.3694354364998,21.408768180048998
2025-06-24,219.39784240722656,29.673900604248047,1050.0,1302.0779536757036,24.00742415959083
2025-06-25,222.03952026367188,29.458099365234375,1070.0,1308.1724501872436,22.25910749413491
2025-06-26,223.30551147460938,29.341899871826172,1075.0,1310.4415917029837,21.90154341423105
2025-06-27,227.85118103027344,28.819000244140625,1080.0,1313.288648347836,21.60080077294777
2025-06-30,225.77772521972656,29.094999313354492,1060.0,1313.8005520477368,23.94344830639026
2025-07-01,223.97340393066406,29.206600189208984,1085.0,1308.3003323238227,20.580675790214077
2025-07-02,232.86537170410156,29.225900650024414,1085.0,1361.1400436510157,25.450695267374712
2025-07-03,234.06158447265625,28.96809959411621,1090.0,1356.0638580321101,24.40952825982663
2025-07-07,228.4492950439453,28.900999069213867,1080.0,1320.4825726855256,22.266904878289417
2025-07-08,227.14341735839844,29.068300247192383,1080.0,1320.5346109894513,22.271723239764007
2025-07-09,231.1108856201172,29.107099533081055,1090.0,1345.3935101846523,23.430597264647
2025-07-10,229.0374298095703,29.20560073852539,1100.0,1337.8351458392688,21.621376894478985
2025-07-11,229.6754150390625,29.243000030517578,1100.0,1343.2796337992884,22.116330345389844
2025-07-14,227.95086669921875,29.21299934387207,1095.0,1331.8257038638694,21.627918161083958
2025-07-15,236.20481872558594,29.346099853515625,1110.0,1386.3380392405204,24.89531885049734
2025-07-16,236.8129119873047,29.388099670410156,1130.0,1391.8962921445957,23.176663021645627
2025-07-17,244.82762145996094,29.400999069213867,1130.0,1439.6353341324314,27.40135700287003
2025-07-18,239.6439666748047,29.403200149536133,1155.0,1409.2599033536098,22.013844446199982
2025-07-21,238.09886169433594,29.378000259399414,1150.0,1398.9736841237814,21.649885575981
2025-07-22,233.8622283935547,29.333599090576172,1130.0,1372.0041700250586,21.416298232306062
2025-07-23,239.57420349121094,29.39900016784668,1145.0,1408.648409729969,23.026061985150136
2025-07-24,240.8402099609375,29.23419952392578,1145.0,1408.1541502764449,22.9828952206502
2025-07-25,244.82762145996094,29.391000747680664,1145.0,1439.145761076518,25.68958612021992
2025-07-28,241.98658752441406,29.472000122070312,1145.0,1426.365747411782,24.57342772155302
2025-07-29,240.57106018066406,29.656999588012695,1135.0,1426.9231665331463,25.720102778250762
2025-07-30,242.14608764648438,29.68950080871582,1155.0,1437.8392930015339,24.48825047632328
2025-07-31,240.86013793945312,29.827999114990234,1160.0,1436.8751962588867,23.868551401628157
2025-08-01,234.47030639648438,29.9060001373291,1140.0,1402.4138030585716,23.018754654260665
2025-08-04,238.24838256835938,29.815000534057617,1135.0,1420.6751307027996,25.169615039894232
2025-08-05,231.73892211914062,29.88409996032715,1150.0,1385.0618226613733,20.440158492293325
2025-08-06,230.64236450195312,29.937400817871094,1125.0,1380.9665823352989,22.752585096471
2025-08-07,241.85699462890625,29.91469955444336,1180.0,1447.0158658928704,22.628463211260197
2025-08-08,241.06947326660156,29.8080997467041,1175.0,1437.1645810032555,22.31187923431961
2025-08-11,241.3286590576172,29.85099983215332,1180.0,1440.7803522045433,22.10002984784265
2025-08-12,243.521728515625,29.947999954223633,1180.0,1458.5977428876795,23.609978210820294
2025-08-13,240.6807098388672,29.87809944152832,1200.0,1438.2164364446594,19.85136970372161
2025-08-14,240.24209594726562,29.939699172973633,1175.0,1438.5552162691602,22.430231171843417
2025-08-15,238.12875366210938,30.07900047302246,1180.0,1432.5349788085673,21.401269390556553
2025-08-18,240.6508026123047,29.98900032043457,1180.0,1443.3753993306484,22.31994909581767
2025-08-19,231.9681854248047,30.025100708007812,1185.0,1392.9736256867182,17.55051693558802
2025-08-20,227.88108825683594,30.1072998046875,1135.0,1372.1768487934023,20.896638660211654
2025-08-21,226.61508178710938,30.280099868774414,1150.0,1372.3854616568308,19.337866231028755
2025-08-22,232.2572784423828,30.516000747680664,1135.0,1417.512656520406,24.890982953339737
2025-08-25,234.84910583496094,30.367300033569336,1170.0,1426.3466519011477,21.90997024796133
2025-08-26,237.96925354003906,30.444000244140625,1175.0,1448.9472025741823,23.31465553822827
2025-08-27,238.53746032714844,30.546600341796875,1190.0,1457.3016934321263,22.462327179170273
2025-08-28,237.5206756591797,30.575000762939453,1160.0,1452.4389678986627,25.210255853332985
2025-08-29,230.14393615722656,30.492799758911133,1160.0,1403.5465921939874,20.995395878792024
2025-09-02,227.67173767089844,30.62529945373535,1160.0,1394.5030286647088,20.215778333164547
2025-09-03,230.6623077392578,30.743999481201172,1160.0,1418.2963738936814,22.266928783938056
2025-09-04,234.47030639648438,30.722000122070312,1160.0,1440.6793563469314,24.19649623680442
2025-09-05,242.64451599121094,30.694000244140625,1180.0,1489.5461666147226,26.23272598429851
2025-09-08,246.41262817382812,30.479000091552734,1180.0,1502.0821033339714,27.29509350287893
2025-09-09,250.13088989257812,30.331100463867188,1200.0,1517.3490300896578,26.445752507471475
2025-09-10,259.6209411621094,30.351600646972656,1225.0,1575.9822251487058,28.651610216220867
2025-09-11,258.09576416015625,30.236799240112305,1240.0,1560.7979611268033,25.87080331667768
2025-09-12,258.5144348144531,30.290000915527344,1260.0,1566.0804934413638,24.292102654076487
2025-09-15,260.5580139160156,30.284900665283203,1255.0,1578.1947137980023,25.752566836494207
2025-09-16,262.05999755859375,30.19409942626953,1280.0,1582.5331243864262,23.63540034268954
2025-09-17,262.7900085449219,30.047199249267578,1265.0,1579.2207494931995,24.839584940173864
2025-09-18,268.6400146484375,30.08639907836914,1285.0,1616.4821378263646,25.796275317226815
2025-09-19,264.8699951171875,30.11050033569336,1265.0,1595.0736153782345,26.09277591922803
2025-09-22,272.6300048828125,30.215999603271484,1295.0,1647.557623875793,27.22452694021569
2025-09-23,282.7099914550781,30.21769905090332,1340.0,1708.5690880946,27.505155827955207
2025-09-24,280.7099914550781,30.27400016784668,1340.0,1699.642865685455,26.83901982727277
2025-09-25,276.6600036621094,30.364099502563477,1320.0,1680.106375915173,27.280786054179764
2025-09-26,273.3599853515625,30.561500549316406,1300.0,1670.8582684965804,28.52755911512157
2025-09-30,279.2900085449219,30.458200454711914,1305.0,1701.3342130518868,30.37043778175377
2025-10-01,288.4700012207031,30.442100524902344,1325.0,1756.3265551158693,32.55294755591467
2025-10-02,288.1099853515625,30.44700050354004,1365.0,1754.4169738147873,28.528716030387358
2025-10-03,292.19000244140625,30.46380043029785,1400.0,1780.2435844206484,27.160256030046305
2025-10-07,294.0299987792969,30.510499954223633,1435.0,1794.2004528592224,25.03139044315139
2025-10-08,304.5199890136719,30.536699295043945,1415.0,1859.8070667681168,31.435128393506485
2025-10-09,299.8800048828125,30.524999618530273,1440.0,1830.7674069305417,27.136625481287613
2025-10-13,302.8900146484375,30.665000915527344,1415.0,1857.6245152996853,31.28088447347599
2025-10-14,295.94000244140625,30.69099998474121,1425.0,1816.5389220827026,27.476415584751066
2025-10-15,304.7099914550781,30.683900833129883,1465.0,1869.9382321342941,27.640834957972295
2025-10-16,299.8399963378906,30.609800338745117,1485.0,1835.6084842945797,23.609998942395947
2025-10-17,295.0799865722656,30.611900329589844,1450.0,1806.5918276413809,24.592539837336602
2025-10-20,297.70001220703125,30.62190055847168,1480.0,1823.2280340119032,23.191083379182654
2025-10-21,294.510009765625,30.597299575805664,1480.0,1802.242199374456,21.773121579355138
2025-10-22,288.8800048828125,30.67729949951172,1460.0,1772.4116858420894,21.398060674115715
2025-10-23,290.7300109863281,30.745100021362305,1450.0,1787.704653397284,23.289976096364406
2025-10-27,298.25,30.83329963684082,1480.0,1839.206323337555,24.270697522807772
2025-10-28,301.5299987792969,30.60110092163086,1475.0,1845.4299847088987,25.11389726839992
2025-10-29,305.0899963378906,30.543100357055664,1505.0,1863.6788752163877,23.83248340308224
2025-10-30,303.2200012207031,30.665199279785156,1505.0,1859.660352609912,23.565471934213434
2025-10-31,300.42999267578125,30.73069953918457,1500.0,1846.484767495771,23.098984499718057
2025-11-03,304.8599853515625,30.78179931640625,1510.0,1876.8277777388691,24.293230313832392
2025-11-04,294.04998779296875,30.903099060058594,1505.0,1817.4111802750267,20.758217958473544
2025-11-05,293.6400146484375,30.91900062561035,1460.0,1815.8111593238543,24.370627350948926
2025-11-06,289.239990234375,30.892900466918945,1465.0,1787.0924458726308,21.98583248277344
2025-11-07,286.5,30.97879981994629,1460.0,1775.0852296829223,21.581180115268662
2025-11-10,295.2699890136719,30.966800689697266,1475.0,1828.7133798870957,23.980568127938696
2025-11-11,291.1700134277344,30.966800689697266,1465.0,1803.3207545266255,23.093566861885705
2025-11-12,290.6199951171875,30.96430015563965,1475.0,1799.7689520078245,22.018234034428772
2025-11-13,282.20001220703125,31.06410026550293,1460.0,1753.257894825074,20.086157179799578
2025-11-14,284.82000732421875,31.124900817871094,1430.0,1772.9988957823255,23.985936767994787
2025-11-17,282.010009765625,30.554500579833984,1445.0,1723.3350013805552,19.261937811803122
2025-11-18,277.9100036621094,31.174999237060547,1405.0,1732.7688304275507,23.328742379185098
2025-11-19,282.3699951171875,31.103200912475586,1395.0,1756.5221379569266,25.91556544494098
2025-11-20,277.5,31.183000564575195,1455.0,1730.6565313339233,18.945466071060025
2025-11-21,275.05999755859375,31.352100372314453,1385.0,1724.74173037312,24.530088835604325
2025-11-24,284.6400146484375,31.338600158691406,1375.0,1784.0439216462896,29.74864884700288
2025-11-25,284.67999267578125,31.42609977722168,1415.0,1789.2763708815678,26.45062691742528
2025-11-26,289.9599914550781,31.388099670410156,1440.0,1820.2586224446538,26.406848780878732
2025-11-28,291.510009765625,31.314699172973633,1440.0,1825.7096523442306,26.785392523904903
